product_id,product_name,category,brand,unit_cost,list_price,uom,status,created_at
PROD00001,4K TV v2,Electronics,CorePower,476.14,1015.09,EA,ACTIVE,2025-02-20 00:13:00
PROD00002,Bluetooth Speaker v5,Electronics,DailyFresh,894.54,1091.86,EA,ACTIVE,2024-09-18 11:23:00
PROD00003,Laptop v2,Electronics,TrailMax,764.48,1712.53,PK,ACTIVE,2025-10-20 17:59:00
PROD00004,Tablet v2,Electronics,Voltix,822.01,1225.61,BOX,ACTIVE,2024-10-18 22:45:00
PROD00005,Noise-Cancel Headphones v4,Electronics,TrailMax,132.2,274.94,EA,ACTIVE,2025-07-24 18:04:00
PROD00006,Smart Watch v2,Electronics,Voltix,431.24,824.84,EA,ACTIVE,2024-10-30 02:15:00
PROD00007,Gaming Console v4,Electronics,HomePro,73.05,137.55,EA,DISCONTINUED,2025-09-03 04:47:00
PROD00008,Wireless Router v4,Electronics,DailyFresh,476.6,1114.54,BOX,ACTIVE,2025-04-03 20:44:00
PROD00009,Cordless Drill v1,Home & Garden,CorePower,15.84,21.12,EA,ACTIVE,2025-05-03 05:00:00
PROD00010,Garden Hose v4,Home & Garden,UrbanFit,359.17,613.59,BOX,ACTIVE,2025-12-02 18:32:00
PROD00011,LED Floor Lamp v2,Home & Garden,TrailMax,278.21,409.74,EA,DISCONTINUED,2026-01-01 04:47:00
PROD00012,Air Fryer v2,Home & Garden,DailyFresh,193.83,376.58,EA,ACTIVE,2025-10-11 22:29:00
PROD00013,Robot Vacuum v4,Home & Garden,DailyFresh,431.76,856.28,EA,ACTIVE,2025-10-04 11:41:00
PROD00014,Outdoor Heater v1,Home & Garden,Voltix,384.1,585.33,PK,ACTIVE,2024-09-02 07:18:00
PROD00015,Tool Set v2,Home & Garden,UrbanFit,149.83,198.94,EA,ACTIVE,2024-11-23 17:12:00
PROD00016,Pressure Washer v3,Home & Garden,Voltix,576.0,713.57,BOX,ACTIVE,2025-06-03 15:02:00
PROD00017,Olive Oil 1L v3,Grocery,Voltix,47.05,61.72,PK,ACTIVE,2025-12-22 12:32:00
PROD00018,Coffee Beans 500g v3,Grocery,HomePro,178.62,375.5,BOX,ACTIVE,2025-02-04 13:57:00
PROD00019,Protein Bars 12pk v2,Grocery,Voltix,668.34,883.01,BOX,DISCONTINUED,2025-04-20 18:55:00
PROD00020,Basmati Rice 5kg v2,Grocery,CorePower,767.42,1188.08,PK,ACTIVE,2025-11-15 20:05:00
PROD00021,Almond Milk 1L v2,Grocery,CorePower,857.73,1267.63,BOX,ACTIVE,2025-09-16 22:10:00
PROD00022,Dark Chocolate 200g v5,Grocery,CorePower,894.1,1611.12,BOX,ACTIVE,2025-04-05 04:21:00
PROD00023,Running Shoes v4,Apparel,Voltix,264.59,515.46,BOX,DISCONTINUED,2024-12-19 06:39:00
PROD00024,Rain Jacket v5,Apparel,CorePower,547.76,1287.03,PK,ACTIVE,2025-10-05 00:09:00
PROD00025,Merino Jumper v1,Apparel,DailyFresh,690.62,1085.28,EA,DISCONTINUED,2025-01-26 05:59:00
PROD00026,Denim Jeans v5,Apparel,TrailMax,268.86,344.62,PK,ACTIVE,2024-09-24 05:45:00
PROD00027,Hi-Vis Vest v4,Apparel,TrailMax,695.66,1050.12,PK,ACTIVE,2025-12-13 03:36:00
PROD00028,Work Boots v3,Apparel,DailyFresh,441.48,722.33,PK,ACTIVE,2025-04-01 11:32:00
PROD00029,Yoga Mat v3,Sports,Voltix,760.97,1782.54,BOX,DISCONTINUED,2025-05-05 14:16:00
PROD00030,Dumbbell Set 20kg v1,Sports,UrbanFit,790.16,1888.09,BOX,ACTIVE,2025-09-02 07:44:00
PROD00031,Camping Tent 4P v1,Sports,TrailMax,739.83,894.85,PK,ACTIVE,2025-06-06 12:54:00
PROD00032,Mountain Bike Helmet v4,Sports,CorePower,69.39,115.59,EA,ACTIVE,2025-04-14 14:41:00
PROD00033,Esky 40L v1,Sports,Voltix,483.46,1054.88,EA,ACTIVE,2025-12-01 12:49:00
PROD00034,4K TV v1,Electronics,TrailMax,392.07,659.39,PK,DISCONTINUED,2024-12-05 22:47:00
PROD00035,Bluetooth Speaker v1,Electronics,UrbanFit,430.69,660.7,EA,DISCONTINUED,2024-11-01 20:13:00
PROD00036,Laptop v5,Electronics,DailyFresh,290.89,360.0,EA,ACTIVE,2025-09-27 13:30:00
PROD00037,Tablet v1,Electronics,CorePower,195.23,283.82,PK,ACTIVE,2024-12-26 20:11:00
PROD00038,Noise-Cancel Headphones v4,Electronics,Voltix,78.9,101.24,PK,DISCONTINUED,2025-11-08 13:33:00
PROD00039,Smart Watch v2,Electronics,Voltix,195.84,444.89,EA,DISCONTINUED,2025-02-10 09:10:00
PROD00040,Gaming Console v4,Electronics,DailyFresh,181.95,424.0,BOX,ACTIVE,2025-12-26 22:27:00
PROD00041,Wireless Router v4,Electronics,Voltix,321.8,653.73,BOX,ACTIVE,2024-09-27 23:42:00
PROD00042,Cordless Drill v3,Home & Garden,Voltix,522.33,717.44,EA,DISCONTINUED,2025-12-10 04:31:00
PROD00043,Garden Hose v4,Home & Garden,TrailMax,778.41,1040.21,BOX,ACTIVE,2025-04-06 04:40:00
PROD00044,LED Floor Lamp v1,Home & Garden,Voltix,406.6,960.94,EA,ACTIVE,2025-03-22 22:34:00
PROD00045,Air Fryer v2,Home & Garden,TrailMax,697.85,1340.66,EA,ACTIVE,2025-12-29 21:36:00
PROD00046,Robot Vacuum v3,Home & Garden,Voltix,859.77,1413.73,PK,ACTIVE,2025-05-03 03:44:00
PROD00047,Outdoor Heater v4,Home & Garden,DailyFresh,451.22,1082.41,PK,ACTIVE,2025-10-17 17:27:00
PROD00048,Tool Set v1,Home & Garden,HomePro,472.76,1001.35,PK,DISCONTINUED,2025-02-26 05:35:00
PROD00049,Pressure Washer v4,Home & Garden,TrailMax,537.02,994.19,BOX,DISCONTINUED,2025-07-09 09:44:00
PROD00050,Olive Oil 1L v1,Grocery,Voltix,559.86,1293.37,EA,ACTIVE,2025-07-17 00:39:00
PROD00051,Coffee Beans 500g v5,Grocery,UrbanFit,839.52,1111.87,EA,DISCONTINUED,2025-05-03 18:51:00
PROD00052,Protein Bars 12pk v4,Grocery,HomePro,33.24,51.45,EA,DISCONTINUED,2025-05-28 12:07:00
PROD00053,Basmati Rice 5kg v1,Grocery,TrailMax,179.22,316.05,PK,DISCONTINUED,2025-11-26 20:45:00
PROD00054,Almond Milk 1L v3,Grocery,HomePro,707.03,1184.25,BOX,ACTIVE,2025-01-03 21:16:00
PROD00055,Dark Chocolate 200g v4,Grocery,CorePower,279.43,638.0,EA,ACTIVE,2025-11-22 13:02:00
PROD00056,Running Shoes v3,Apparel,UrbanFit,17.91,24.79,BOX,ACTIVE,2025-02-06 05:36:00
PROD00057,Rain Jacket v4,Apparel,HomePro,893.57,1331.6,BOX,DISCONTINUED,2025-10-17 01:51:00
PROD00058,Merino Jumper v4,Apparel,CorePower,839.02,1438.85,EA,DISCONTINUED,2025-11-24 10:33:00
PROD00059,Denim Jeans v2,Apparel,UrbanFit,145.97,215.62,EA,DISCONTINUED,2025-10-24 20:58:00
PROD00060,Hi-Vis Vest v3,Apparel,HomePro,237.17,441.96,EA,ACTIVE,2024-09-01 13:00:00
PROD00061,Work Boots v1,Apparel,UrbanFit,567.49,1085.01,BOX,ACTIVE,2025-06-07 12:01:00
PROD00062,Yoga Mat v4,Sports,CorePower,669.14,907.79,BOX,ACTIVE,2024-11-22 07:41:00
PROD00063,Dumbbell Set 20kg v5,Sports,HomePro,808.53,1258.32,BOX,DISCONTINUED,2025-09-17 08:42:00
PROD00064,Camping Tent 4P v2,Sports,CorePower,50.37,65.46,EA,ACTIVE,2024-10-14 14:59:00
PROD00065,Mountain Bike Helmet v3,Sports,TrailMax,537.92,714.62,EA,ACTIVE,2024-09-27 15:54:00
PROD00066,Esky 40L v4,Sports,Voltix,327.81,723.14,PK,ACTIVE,2025-03-18 02:31:00
PROD00067,4K TV v4,Electronics,DailyFresh,863.46,1115.22,PK,DISCONTINUED,2025-10-06 05:11:00
PROD00068,Bluetooth Speaker v5,Electronics,CorePower,271.68,620.62,BOX,ACTIVE,2024-10-18 10:22:00
PROD00069,Laptop v5,Electronics,Voltix,437.58,847.51,EA,ACTIVE,2025-12-06 03:12:00
PROD00070,Tablet v5,Electronics,UrbanFit,547.08,1008.35,EA,ACTIVE,2025-11-05 11:07:00
PROD00071,Noise-Cancel Headphones v2,Electronics,HomePro,809.12,999.58,EA,ACTIVE,2025-01-03 08:30:00
PROD00072,Smart Watch v5,Electronics,CorePower,182.52,239.17,PK,DISCONTINUED,2025-09-04 15:27:00
PROD00073,Gaming Console v2,Electronics,TrailMax,463.34,-1.0,EA,ACTIVE,2025-08-05 22:17:00
PROD00074,Wireless Router v5,Electronics,TrailMax,865.84,1145.92,EA,ACTIVE,2025-12-20 23:31:00
PROD00075,Cordless Drill v5,Home & Garden,CorePower,392.39,680.95,PK,ACTIVE,2025-07-03 03:38:00
PROD00076,Garden Hose v3,Home & Garden,TrailMax,347.21,499.87,BOX,ACTIVE,2025-04-06 05:56:00
PROD00077,LED Floor Lamp v5,Home & Garden,DailyFresh,34.25,62.12,PK,ACTIVE,2025-03-10 00:07:00
PROD00078,Air Fryer v2,Home & Garden,TrailMax,165.19,262.19,EA,ACTIVE,2024-12-07 21:23:00
PROD00079,Robot Vacuum v1,Home & Garden,Voltix,337.28,720.23,PK,ACTIVE,2025-08-21 10:13:00
PROD00080,Outdoor Heater v2,Home & Garden,UrbanFit,420.98,906.91,EA,DISCONTINUED,2025-01-11 19:13:00
PROD00081,Tool Set v3,Home & Garden,CorePower,476.43,630.56,BOX,ACTIVE,2025-06-08 20:26:00
PROD00082,Pressure Washer v3,Home & Garden,HomePro,615.19,1059.51,EA,ACTIVE,2025-10-03 15:31:00
PROD00083,Olive Oil 1L v1,Grocery,Voltix,45.93,70.24,PK,ACTIVE,2025-06-22 10:37:00
PROD00084,Coffee Beans 500g v3,Grocery,Voltix,347.04,656.49,BOX,ACTIVE,2025-11-28 14:18:00
PROD00085,Protein Bars 12pk v1,Grocery,UrbanFit,121.43,286.6,BOX,ACTIVE,2025-02-07 20:01:00
PROD00086,Basmati Rice 5kg v4,Grocery,CorePower,66.23,87.04,PK,ACTIVE,2025-01-28 11:25:00
PROD00087,Almond Milk 1L v4,Grocery,UrbanFit,75.47,160.72,EA,DISCONTINUED,2025-01-18 22:29:00
PROD00088,Dark Chocolate 200g v1,Grocery,TrailMax,446.03,878.37,BOX,ACTIVE,2024-09-02 07:03:00
PROD00089,Running Shoes v3,Apparel,CorePower,743.61,1016.13,BOX,DISCONTINUED,2024-12-12 05:05:00
PROD00090,Rain Jacket v3,Apparel,UrbanFit,175.28,400.12,EA,ACTIVE,2024-12-29 01:07:00
PROD00091,Merino Jumper v3,Apparel,TrailMax,47.01,73.58,BOX,DISCONTINUED,2025-01-04 22:10:00
PROD00092,Denim Jeans v1,Apparel,HomePro,832.67,1582.19,PK,ACTIVE,2025-09-08 18:56:00
PROD00093,Hi-Vis Vest v4,Apparel,CorePower,765.74,1741.73,EA,ACTIVE,2025-06-10 15:42:00
PROD00094,Work Boots v4,Apparel,HomePro,443.13,680.94,EA,ACTIVE,2025-09-15 09:45:00
PROD00095,Yoga Mat v2,Sports,CorePower,78.18,146.21,BOX,ACTIVE,2025-08-09 02:04:00
PROD00096,Dumbbell Set 20kg v1,Sports,CorePower,874.7,1112.9,EA,DISCONTINUED,2025-10-12 12:12:00
PROD00097,Camping Tent 4P v5,Sports,UrbanFit,440.93,709.25,BOX,ACTIVE,2025-09-12 09:45:00
PROD00098,Mountain Bike Helmet v5,Sports,Voltix,410.8,568.88,EA,ACTIVE,2025-12-01 11:24:00
PROD00099,Esky 40L v5,Sports,HomePro,877.66,1967.21,PK,ACTIVE,2024-09-23 08:27:00
PROD00100,4K TV v5,Electronics,CorePower,151.12,237.04,EA,ACTIVE,2025-04-12 03:47:00
PROD00101,Bluetooth Speaker v4,Electronics,HomePro,102.74,125.33,PK,ACTIVE,2025-04-19 21:33:00
PROD00102,Laptop v5,Electronics,Voltix,409.57,622.01,PK,DISCONTINUED,2024-12-05 04:25:00
PROD00103,Tablet v1,Electronics,DailyFresh,453.96,821.45,PK,ACTIVE,2024-10-08 01:41:00
PROD00104,Noise-Cancel Headphones v2,Electronics,TrailMax,346.74,802.23,EA,DISCONTINUED,2024-11-17 19:17:00
PROD00105,Smart Watch v4,Electronics,Voltix,478.49,857.62,BOX,ACTIVE,2025-07-15 07:07:00
PROD00106,Gaming Console v1,Electronics,UrbanFit,200.74,253.69,PK,ACTIVE,2024-09-21 17:06:00
PROD00107,Wireless Router v4,Electronics,DailyFresh,250.81,566.61,PK,ACTIVE,2024-12-09 23:52:00
PROD00108,Cordless Drill v2,Home & Garden,HomePro,792.06,1205.45,EA,ACTIVE,2025-07-11 09:45:00
PROD00109,Garden Hose v1,Home & Garden,HomePro,538.3,1120.02,BOX,DISCONTINUED,2025-09-01 09:54:00
PROD00110,LED Floor Lamp v3,Home & Garden,CorePower,816.37,1213.41,EA,ACTIVE,2024-11-22 10:57:00
PROD00111,Air Fryer v4,Home & Garden,DailyFresh,411.87,969.83,PK,ACTIVE,2024-11-17 08:56:00
PROD00112,Robot Vacuum v1,Home & Garden,UrbanFit,72.97,147.04,PK,DISCONTINUED,2025-06-13 00:31:00
PROD00113,Outdoor Heater v1,Home & Garden,Voltix,786.4,1389.63,BOX,ACTIVE,2025-10-20 07:33:00
PROD00114,Tool Set v1,Home & Garden,Voltix,454.82,957.85,PK,ACTIVE,2025-04-07 15:47:00
PROD00115,Pressure Washer v4,Home & Garden,TrailMax,318.3,590.4,PK,DISCONTINUED,2024-08-25 11:19:00
PROD00116,Olive Oil 1L v5,Grocery,DailyFresh,640.3,1453.25,EA,ACTIVE,2025-08-05 16:46:00
PROD00117,Coffee Beans 500g v4,Grocery,HomePro,577.26,795.16,BOX,ACTIVE,2025-02-17 15:01:00
PROD00118,Protein Bars 12pk v4,Grocery,TrailMax,222.95,465.79,EA,ACTIVE,2024-11-26 12:40:00
PROD00119,Basmati Rice 5kg v5,Grocery,DailyFresh,100.71,153.96,BOX,ACTIVE,2025-01-01 21:22:00
PROD00120,Almond Milk 1L v4,Grocery,TrailMax,799.64,1334.78,PK,ACTIVE,2024-09-09 18:33:00
PROD00121,Dark Chocolate 200g v1,Grocery,DailyFresh,632.84,1392.88,PK,ACTIVE,2025-01-13 03:00:00
PROD00122,Running Shoes v4,Apparel,CorePower,451.04,912.29,EA,ACTIVE,2025-07-04 17:42:00
PROD00123,Rain Jacket v1,Apparel,TrailMax,149.7,267.09,EA,DISCONTINUED,2024-09-08 06:18:00
PROD00124,Merino Jumper v4,Apparel,TrailMax,743.62,1002.49,EA,DISCONTINUED,2025-02-15 21:53:00
PROD00125,Denim Jeans v3,Apparel,TrailMax,4.57,6.86,BOX,ACTIVE,2025-12-20 02:45:00
PROD00126,Hi-Vis Vest v2,Apparel,DailyFresh,246.52,590.44,BOX,ACTIVE,2025-01-14 07:02:00
PROD00127,Work Boots v4,Apparel,DailyFresh,427.97,695.69,PK,ACTIVE,2025-11-19 08:58:00
PROD00128,Yoga Mat v5,Sports,DailyFresh,274.61,431.93,BOX,ACTIVE,2025-10-04 18:08:00
PROD00129,Dumbbell Set 20kg v2,Sports,DailyFresh,616.26,887.05,BOX,ACTIVE,2025-01-20 09:05:00
PROD00130,Camping Tent 4P v4,Sports,UrbanFit,270.41,625.33,EA,DISCONTINUED,2025-09-23 13:06:00
PROD00131,Mountain Bike Helmet v3,Sports,UrbanFit,128.19,221.8,BOX,ACTIVE,2025-04-15 11:27:00
PROD00132,Esky 40L v4,Sports,Voltix,422.03,993.35,BOX,ACTIVE,2025-12-22 13:05:00
PROD00133,4K TV v3,Electronics,HomePro,681.25,1320.43,BOX,ACTIVE,2024-10-23 19:34:00
PROD00134,Bluetooth Speaker v1,Electronics,DailyFresh,810.32,1825.95,EA,DISCONTINUED,2025-07-28 00:29:00
PROD00135,Laptop v4,Electronics,Voltix,727.5,1636.8,EA,ACTIVE,2025-01-04 20:06:00
PROD00136,Tablet v3,Electronics,UrbanFit,302.8,398.75,PK,ACTIVE,2025-11-04 01:07:00
PROD00137,Noise-Cancel Headphones v1,Electronics,CorePower,667.46,1341.12,EA,ACTIVE,2025-06-02 23:31:00
PROD00138,Smart Watch v2,Electronics,TrailMax,126.22,287.03,BOX,ACTIVE,2025-08-22 00:51:00
PROD00139,Gaming Console v1,Electronics,Voltix,438.52,888.15,EA,ACTIVE,2025-06-24 03:33:00
PROD00140,Wireless Router v4,Electronics,Voltix,90.79,131.21,BOX,DISCONTINUED,2025-03-07 01:59:00
PROD00141,Cordless Drill v2,Home & Garden,HomePro,113.14,190.69,BOX,ACTIVE,2025-10-13 19:43:00
PROD00142,Garden Hose v1,Home & Garden,DailyFresh,397.46,790.86,EA,ACTIVE,2024-11-21 04:52:00
PROD00143,LED Floor Lamp v5,Home & Garden,CorePower,671.16,999.24,BOX,ACTIVE,2025-04-19 15:18:00
PROD00144,Air Fryer v5,Home & Garden,DailyFresh,263.35,347.63,PK,ACTIVE,2025-03-07 12:44:00
PROD00145,Robot Vacuum v4,Home & Garden,HomePro,720.67,1266.04,EA,ACTIVE,2025-04-10 03:36:00
PROD00146,Outdoor Heater v1,Home & Garden,CorePower,352.93,-1.0,BOX,DISCONTINUED,2024-09-09 11:08:00
PROD00147,Tool Set v3,Home & Garden,Voltix,423.24,875.12,EA,ACTIVE,2025-05-02 16:13:00
PROD00148,Pressure Washer v4,Home & Garden,UrbanFit,316.56,648.15,EA,ACTIVE,2025-07-20 04:22:00
PROD00149,Olive Oil 1L v4,Grocery,CorePower,591.72,1109.93,EA,ACTIVE,2025-09-24 21:19:00
PROD00150,Coffee Beans 500g v4,Grocery,DailyFresh,831.44,1065.78,PK,ACTIVE,2025-06-09 22:59:00
PROD00151,Protein Bars 12pk v3,Grocery,HomePro,458.25,912.23,BOX,ACTIVE,2025-06-16 18:22:00
PROD00152,Basmati Rice 5kg v1,Grocery,Voltix,527.71,1158.78,EA,ACTIVE,2024-12-15 03:42:00
PROD00153,Almond Milk 1L v4,Grocery,TrailMax,99.17,230.18,EA,ACTIVE,2024-10-11 05:46:00
PROD00154,Dark Chocolate 200g v4,Grocery,Voltix,803.66,1693.29,EA,ACTIVE,2024-10-16 01:54:00
PROD00155,Running Shoes v3,Apparel,UrbanFit,675.94,1169.26,BOX,ACTIVE,2025-12-04 05:20:00
PROD00156,Rain Jacket v2,Apparel,CorePower,100.46,174.74,BOX,ACTIVE,2024-11-27 08:31:00
PROD00157,Merino Jumper v2,Apparel,CorePower,396.01,611.17,EA,DISCONTINUED,2025-10-09 16:51:00
PROD00158,Denim Jeans v1,Apparel,CorePower,711.84,927.69,BOX,ACTIVE,2024-12-01 01:51:00
PROD00159,Hi-Vis Vest v4,Apparel,UrbanFit,129.94,156.74,BOX,ACTIVE,2025-02-09 05:43:00
PROD00160,Work Boots v5,Apparel,DailyFresh,658.06,1509.05,EA,ACTIVE,2025-06-07 15:32:00
PROD00161,Yoga Mat v5,Sports,HomePro,319.49,620.51,EA,DISCONTINUED,2025-03-25 20:24:00
PROD00162,Dumbbell Set 20kg v2,Sports,UrbanFit,787.08,1482.06,PK,ACTIVE,2024-10-18 15:14:00
PROD00163,Camping Tent 4P v1,Sports,HomePro,50.13,92.67,PK,ACTIVE,2025-03-06 22:22:00
PROD00164,Mountain Bike Helmet v3,Sports,Voltix,64.89,145.73,BOX,ACTIVE,2025-10-29 16:59:00
PROD00165,Esky 40L v5,Sports,Voltix,551.68,868.72,BOX,ACTIVE,2025-06-13 15:59:00
PROD00166,4K TV v1,Electronics,Voltix,825.98,1251.91,PK,DISCONTINUED,2024-12-30 06:21:00
PROD00167,Bluetooth Speaker v2,Electronics,UrbanFit,799.67,1016.6,BOX,ACTIVE,2025-12-05 21:58:00
PROD00168,Laptop v1,Electronics,UrbanFit,790.93,1172.74,BOX,ACTIVE,2025-02-12 02:26:00
PROD00169,Tablet v1,Electronics,UrbanFit,539.94,1044.74,PK,ACTIVE,2025-01-04 23:02:00
PROD00170,Noise-Cancel Headphones v2,Electronics,CorePower,97.24,174.63,PK,DISCONTINUED,2025-04-20 09:50:00
PROD00171,Smart Watch v1,Electronics,Voltix,765.45,1810.87,EA,ACTIVE,2025-05-19 19:55:00
PROD00172,Gaming Console v1,Electronics,UrbanFit,343.93,694.85,PK,ACTIVE,2025-03-05 12:44:00
PROD00173,Wireless Router v5,Electronics,HomePro,116.21,237.25,EA,DISCONTINUED,2024-10-18 19:57:00
PROD00174,Cordless Drill v4,Home & Garden,Voltix,333.47,477.65,EA,ACTIVE,2024-10-05 18:00:00
PROD00175,Garden Hose v5,Home & Garden,UrbanFit,207.5,435.12,EA,ACTIVE,2025-11-09 23:15:00
PROD00176,LED Floor Lamp v2,Home & Garden,DailyFresh,732.11,945.84,EA,ACTIVE,2024-09-10 10:22:00
PROD00177,Air Fryer v3,Home & Garden,HomePro,543.76,1233.52,BOX,DISCONTINUED,2025-04-21 21:07:00
PROD00178,Robot Vacuum v5,Home & Garden,HomePro,592.3,765.05,PK,ACTIVE,2025-11-21 07:28:00
PROD00179,Outdoor Heater v5,Home & Garden,TrailMax,642.97,1497.94,BOX,ACTIVE,2025-05-15 08:20:00
PROD00180,Tool Set v1,Home & Garden,TrailMax,629.2,1135.16,PK,DISCONTINUED,2025-01-09 02:13:00
PROD00181,Pressure Washer v5,Home & Garden,HomePro,821.2,1814.61,PK,ACTIVE,2024-10-20 11:46:00
PROD00182,Olive Oil 1L v2,Grocery,CorePower,735.48,1007.87,PK,DISCONTINUED,2025-12-19 03:01:00
PROD00183,Coffee Beans 500g v3,Grocery,UrbanFit,451.02,559.49,PK,ACTIVE,2025-10-16 02:03:00
PROD00184,Protein Bars 12pk v4,Grocery,Voltix,254.07,490.79,PK,DISCONTINUED,2025-04-03 01:14:00
PROD00185,Basmati Rice 5kg v4,Grocery,UrbanFit,188.33,267.68,EA,ACTIVE,2024-09-04 17:48:00
PROD00186,Almond Milk 1L v5,Grocery,TrailMax,315.63,388.6,PK,ACTIVE,2025-09-10 00:21:00
PROD00187,Dark Chocolate 200g v4,Grocery,CorePower,654.3,1273.16,BOX,ACTIVE,2025-10-06 03:35:00
PROD00188,Running Shoes v3,Apparel,UrbanFit,351.75,726.56,PK,DISCONTINUED,2025-06-08 23:36:00
PROD00189,Rain Jacket v4,Apparel,DailyFresh,693.04,1047.96,BOX,ACTIVE,2024-10-25 00:17:00
PROD00190,Merino Jumper v1,Apparel,HomePro,720.43,1686.64,BOX,ACTIVE,2025-02-07 18:25:00
PROD00191,Denim Jeans v3,Apparel,CorePower,38.59,59.01,PK,ACTIVE,2024-10-21 09:36:00
PROD00192,Hi-Vis Vest v2,Apparel,DailyFresh,596.06,1313.24,PK,ACTIVE,2025-04-01 00:29:00
PROD00193,Work Boots v5,Apparel,HomePro,37.16,60.59,PK,ACTIVE,2025-06-11 02:17:00
PROD00194,Yoga Mat v1,Sports,DailyFresh,807.75,1503.82,EA,ACTIVE,2025-09-15 08:16:00
PROD00195,Dumbbell Set 20kg v2,Sports,HomePro,782.67,1058.69,BOX,ACTIVE,2024-12-16 03:41:00
PROD00196,Camping Tent 4P v4,Sports,UrbanFit,38.5,77.82,PK,ACTIVE,2025-05-29 22:14:00
PROD00197,Mountain Bike Helmet v3,Sports,TrailMax,58.49,120.34,EA,ACTIVE,2025-05-22 22:02:00
PROD00198,Esky 40L v1,Sports,UrbanFit,542.12,878.06,PK,ACTIVE,2025-05-07 02:15:00
PROD00199,4K TV v4,Electronics,Voltix,186.82,352.05,BOX,DISCONTINUED,2025-11-10 09:09:00
PROD00200,Bluetooth Speaker v3,Electronics,TrailMax,26.13,50.39,PK,ACTIVE,2025-04-16 09:39:00
PROD00201,Laptop v3,Electronics,HomePro,31.92,52.41,BOX,ACTIVE,2024-10-12 19:13:00
PROD00202,Tablet v5,Electronics,UrbanFit,728.0,1319.83,BOX,ACTIVE,2025-12-13 06:24:00
PROD00203,Noise-Cancel Headphones v2,Electronics,DailyFresh,748.33,927.27,BOX,ACTIVE,2025-12-21 02:59:00
PROD00204,Smart Watch v5,Electronics,CorePower,893.12,1677.71,BOX,DISCONTINUED,2025-05-21 23:07:00
PROD00205,Gaming Console v1,Electronics,UrbanFit,763.45,1399.64,PK,DISCONTINUED,2025-01-28 08:12:00
PROD00206,Wireless Router v2,Electronics,TrailMax,753.06,1168.51,EA,ACTIVE,2024-12-15 14:20:00
PROD00207,Cordless Drill v2,Home & Garden,DailyFresh,674.38,902.66,BOX,DISCONTINUED,2025-02-20 02:22:00
PROD00208,Garden Hose v3,Home & Garden,CorePower,506.17,653.84,PK,ACTIVE,2025-04-05 13:14:00
PROD00209,LED Floor Lamp v2,Home & Garden,UrbanFit,514.13,1127.05,EA,DISCONTINUED,2025-07-30 18:42:00
PROD00210,Air Fryer v3,Home & Garden,TrailMax,127.77,193.23,PK,ACTIVE,2024-09-29 13:26:00
PROD00211,Robot Vacuum v4,Home & Garden,CorePower,456.5,629.09,EA,ACTIVE,2025-11-10 14:00:00
PROD00212,Outdoor Heater v5,Home & Garden,CorePower,153.43,261.19,PK,ACTIVE,2024-10-22 01:53:00
PROD00213,Tool Set v1,Home & Garden,HomePro,390.55,792.06,BOX,DISCONTINUED,2025-11-24 13:22:00
PROD00214,Pressure Washer v2,Home & Garden,CorePower,118.2,240.69,PK,ACTIVE,2025-02-07 10:37:00
PROD00215,Olive Oil 1L v1,Grocery,Voltix,549.45,730.4,BOX,ACTIVE,2025-12-18 14:58:00
PROD00216,Coffee Beans 500g v4,Grocery,TrailMax,370.35,644.3,PK,ACTIVE,2025-08-29 05:46:00
PROD00217,Protein Bars 12pk v5,Grocery,Voltix,690.3,1587.42,EA,ACTIVE,2025-06-18 18:23:00
PROD00218,Basmati Rice 5kg v3,Grocery,DailyFresh,607.82,1060.18,EA,ACTIVE,2025-12-15 03:14:00
PROD00219,Almond Milk 1L v5,Grocery,UrbanFit,270.42,-1.0,BOX,DISCONTINUED,2025-01-12 10:24:00
PROD00220,Dark Chocolate 200g v2,Grocery,Voltix,289.45,409.31,BOX,ACTIVE,2025-03-27 16:17:00
PROD00221,Running Shoes v1,Apparel,TrailMax,519.32,1006.74,PK,ACTIVE,2024-10-18 09:17:00
PROD00222,Rain Jacket v2,Apparel,TrailMax,440.03,646.12,PK,ACTIVE,2025-12-05 07:42:00
PROD00223,Merino Jumper v5,Apparel,UrbanFit,253.65,333.59,EA,ACTIVE,2025-06-21 01:57:00
PROD00224,Denim Jeans v1,Apparel,DailyFresh,487.69,1052.82,EA,ACTIVE,2024-12-01 09:36:00
PROD00225,Hi-Vis Vest v2,Apparel,DailyFresh,386.15,669.5,PK,ACTIVE,2025-08-20 22:58:00
PROD00226,Work Boots v4,Apparel,DailyFresh,760.89,1318.84,PK,ACTIVE,2025-11-04 04:17:00
PROD00227,Yoga Mat v3,Sports,Voltix,659.54,883.62,BOX,ACTIVE,2025-08-26 02:20:00
PROD00228,Dumbbell Set 20kg v4,Sports,CorePower,144.43,231.44,BOX,ACTIVE,2025-08-15 22:20:00
PROD00229,Camping Tent 4P v1,Sports,CorePower,803.48,1001.16,BOX,ACTIVE,2024-11-24 17:42:00
PROD00230,Mountain Bike Helmet v1,Sports,HomePro,754.52,1472.29,EA,DISCONTINUED,2025-11-08 07:43:00
PROD00231,Esky 40L v4,Sports,HomePro,179.33,316.36,BOX,DISCONTINUED,2025-01-10 04:12:00
PROD00232,4K TV v5,Electronics,CorePower,572.76,748.28,BOX,ACTIVE,2024-08-20 13:04:00
PROD00233,Bluetooth Speaker v2,Electronics,Voltix,443.66,857.8,PK,ACTIVE,2025-06-29 12:40:00
PROD00234,Laptop v4,Electronics,UrbanFit,527.17,1036.02,BOX,ACTIVE,2025-11-11 09:53:00
PROD00235,Tablet v4,Electronics,DailyFresh,211.78,328.37,BOX,DISCONTINUED,2025-06-21 11:34:00
PROD00236,Noise-Cancel Headphones v1,Electronics,TrailMax,434.94,572.31,PK,DISCONTINUED,2025-02-01 07:42:00
PROD00237,Smart Watch v3,Electronics,CorePower,384.68,542.95,EA,ACTIVE,2025-08-10 12:45:00
PROD00238,Gaming Console v4,Electronics,UrbanFit,118.74,268.19,PK,ACTIVE,2024-09-02 09:17:00
PROD00239,Wireless Router v4,Electronics,Voltix,458.71,1040.25,BOX,ACTIVE,2024-12-30 21:20:00
PROD00240,Cordless Drill v4,Home & Garden,DailyFresh,372.46,808.55,PK,ACTIVE,2025-01-03 15:46:00
PROD00241,Garden Hose v1,Home & Garden,TrailMax,200.18,393.06,PK,DISCONTINUED,2024-12-10 18:56:00
PROD00242,LED Floor Lamp v1,Home & Garden,UrbanFit,153.22,221.78,BOX,ACTIVE,2024-10-24 19:34:00
PROD00243,Air Fryer v4,Home & Garden,Voltix,21.85,45.16,BOX,ACTIVE,2025-11-29 11:49:00
PROD00244,Robot Vacuum v1,Home & Garden,UrbanFit,690.35,881.0,EA,ACTIVE,2025-05-20 06:10:00
PROD00245,Outdoor Heater v2,Home & Garden,TrailMax,754.98,1264.31,EA,ACTIVE,2025-02-04 13:13:00
PROD00246,Tool Set v1,Home & Garden,Voltix,499.44,748.38,EA,ACTIVE,2025-05-02 12:50:00
PROD00247,Pressure Washer v3,Home & Garden,Voltix,438.47,608.74,EA,ACTIVE,2024-09-05 08:47:00
PROD00248,Olive Oil 1L v4,Grocery,HomePro,114.78,245.73,BOX,ACTIVE,2025-11-03 02:04:00
PROD00249,Coffee Beans 500g v4,Grocery,Voltix,70.21,145.09,EA,ACTIVE,2024-10-06 23:37:00
PROD00250,Protein Bars 12pk v5,Grocery,TrailMax,714.19,1023.53,PK,DISCONTINUED,2025-05-08 23:01:00
PROD00251,Basmati Rice 5kg v1,Grocery,TrailMax,274.73,480.97,BOX,DISCONTINUED,2025-02-27 09:27:00
PROD00252,Almond Milk 1L v5,Grocery,TrailMax,87.38,206.24,PK,ACTIVE,2025-11-26 22:34:00
PROD00253,Dark Chocolate 200g v4,Grocery,CorePower,457.91,759.62,PK,ACTIVE,2025-09-13 17:45:00
PROD00254,Running Shoes v1,Apparel,DailyFresh,101.04,148.41,EA,DISCONTINUED,2025-02-24 15:36:00
PROD00255,Rain Jacket v2,Apparel,CorePower,101.62,159.82,EA,ACTIVE,2025-06-02 05:13:00
PROD00256,Merino Jumper v2,Apparel,Voltix,778.89,1392.48,EA,DISCONTINUED,2025-06-30 15:33:00
PROD00257,Denim Jeans v2,Apparel,Voltix,651.84,1225.44,PK,ACTIVE,2025-03-17 09:47:00
PROD00258,Hi-Vis Vest v3,Apparel,CorePower,306.73,423.51,BOX,DISCONTINUED,2025-11-08 00:17:00
PROD00259,Work Boots v4,Apparel,UrbanFit,622.6,1311.22,PK,ACTIVE,2025-12-23 20:15:00
PROD00260,Yoga Mat v5,Sports,UrbanFit,292.37,599.55,BOX,ACTIVE,2025-12-03 03:27:00
PROD00261,Dumbbell Set 20kg v1,Sports,HomePro,630.53,1040.89,BOX,ACTIVE,2024-11-12 06:28:00
PROD00262,Camping Tent 4P v4,Sports,DailyFresh,783.3,1046.8,EA,DISCONTINUED,2024-10-29 23:55:00
PROD00263,Mountain Bike Helmet v3,Sports,Voltix,494.19,829.89,PK,ACTIVE,2025-08-22 21:17:00
PROD00264,Esky 40L v3,Sports,UrbanFit,472.14,915.06,BOX,ACTIVE,2024-10-30 09:33:00
PROD00265,4K TV v3,Electronics,UrbanFit,617.78,1336.49,BOX,ACTIVE,2025-04-17 14:13:00
PROD00266,Bluetooth Speaker v2,Electronics,HomePro,842.84,1949.06,BOX,DISCONTINUED,2024-08-24 10:26:00
PROD00267,Laptop v1,Electronics,TrailMax,164.59,290.43,BOX,ACTIVE,2024-11-29 22:06:00
PROD00268,Tablet v1,Electronics,UrbanFit,485.81,775.96,PK,ACTIVE,2024-09-22 11:40:00
PROD00269,Noise-Cancel Headphones v1,Electronics,HomePro,505.0,742.97,PK,ACTIVE,2025-10-13 13:37:00
PROD00270,Smart Watch v4,Electronics,TrailMax,657.47,1078.73,BOX,ACTIVE,2024-09-27 18:09:00
PROD00271,Gaming Console v2,Electronics,TrailMax,96.27,140.53,BOX,ACTIVE,2024-10-22 16:37:00
PROD00272,Wireless Router v5,Electronics,UrbanFit,581.77,965.47,BOX,ACTIVE,2025-12-26 23:55:00
PROD00273,Cordless Drill v2,Home & Garden,HomePro,555.83,1273.45,EA,ACTIVE,2024-12-07 02:59:00
PROD00274,Garden Hose v2,Home & Garden,DailyFresh,723.81,995.81,EA,ACTIVE,2024-09-27 01:08:00
PROD00275,LED Floor Lamp v4,Home & Garden,TrailMax,462.49,799.01,PK,ACTIVE,2024-12-20 17:25:00
PROD00276,Air Fryer v4,Home & Garden,TrailMax,342.07,568.74,PK,ACTIVE,2025-05-17 02:56:00
PROD00277,Robot Vacuum v2,Home & Garden,CorePower,546.42,795.96,PK,ACTIVE,2025-10-23 13:35:00
PROD00278,Outdoor Heater v3,Home & Garden,CorePower,399.72,813.08,EA,DISCONTINUED,2025-07-18 11:11:00
PROD00279,Tool Set v4,Home & Garden,CorePower,26.66,43.69,PK,DISCONTINUED,2024-12-06 19:35:00
PROD00280,Pressure Washer v2,Home & Garden,DailyFresh,789.16,1818.8,PK,ACTIVE,2025-12-09 23:00:00
PROD00281,Olive Oil 1L v2,Grocery,Voltix,179.47,293.11,BOX,ACTIVE,2025-02-03 03:58:00
PROD00282,Coffee Beans 500g v1,Grocery,UrbanFit,334.51,503.27,PK,ACTIVE,2025-07-16 08:41:00
PROD00283,Protein Bars 12pk v3,Grocery,TrailMax,432.95,542.36,BOX,ACTIVE,2025-12-29 18:52:00
PROD00284,Basmati Rice 5kg v4,Grocery,UrbanFit,31.26,64.45,BOX,DISCONTINUED,2025-04-27 05:30:00
PROD00285,Almond Milk 1L v5,Grocery,Voltix,675.94,1336.37,EA,ACTIVE,2024-09-02 19:57:00
PROD00286,Dark Chocolate 200g v2,Grocery,HomePro,643.13,1316.34,EA,DISCONTINUED,2025-10-20 03:03:00
PROD00287,Running Shoes v3,Apparel,Voltix,401.27,823.69,BOX,ACTIVE,2025-10-29 06:41:00
PROD00288,Rain Jacket v3,Apparel,CorePower,554.15,676.07,EA,ACTIVE,2025-05-10 00:42:00
PROD00289,Merino Jumper v1,Apparel,Voltix,365.24,805.45,EA,ACTIVE,2025-08-27 08:05:00
PROD00290,Denim Jeans v5,Apparel,HomePro,158.64,198.84,BOX,DISCONTINUED,2024-11-15 20:47:00
PROD00291,Hi-Vis Vest v3,Apparel,TrailMax,758.54,1766.87,BOX,ACTIVE,2024-10-18 10:29:00
PROD00292,Work Boots v5,Apparel,DailyFresh,513.08,-1.0,EA,ACTIVE,2025-12-02 02:11:00
PROD00293,Yoga Mat v5,Sports,CorePower,657.68,935.74,EA,ACTIVE,2025-09-26 00:13:00
PROD00294,Dumbbell Set 20kg v2,Sports,TrailMax,575.6,1008.69,BOX,ACTIVE,2025-09-05 23:08:00
PROD00295,Camping Tent 4P v3,Sports,HomePro,282.2,467.09,PK,ACTIVE,2025-06-04 10:26:00
PROD00296,Mountain Bike Helmet v2,Sports,HomePro,206.46,294.39,PK,ACTIVE,2025-08-11 14:16:00
PROD00297,Esky 40L v3,Sports,TrailMax,86.8,141.15,BOX,DISCONTINUED,2025-10-17 20:43:00
PROD00298,4K TV v5,Electronics,DailyFresh,749.23,932.1,EA,ACTIVE,2025-08-13 13:22:00
PROD00299,Bluetooth Speaker v3,Electronics,HomePro,582.82,1176.38,PK,ACTIVE,2024-10-04 16:49:00
PROD00300,Laptop v3,Electronics,Voltix,192.81,281.87,EA,ACTIVE,2025-04-19 04:29:00
PROD00301,Tablet v4,Electronics,CorePower,529.79,872.43,BOX,ACTIVE,2025-01-31 22:06:00
PROD00302,Noise-Cancel Headphones v1,Electronics,HomePro,568.01,1274.16,PK,DISCONTINUED,2025-02-06 10:41:00
PROD00303,Smart Watch v3,Electronics,TrailMax,813.07,1158.25,EA,DISCONTINUED,2025-05-25 05:48:00
PROD00304,Gaming Console v4,Electronics,UrbanFit,23.49,51.0,BOX,DISCONTINUED,2025-08-28 12:30:00
PROD00305,Wireless Router v3,Electronics,UrbanFit,751.35,1129.35,PK,DISCONTINUED,2025-08-01 12:19:00
PROD00306,Cordless Drill v2,Home & Garden,UrbanFit,39.96,92.5,EA,DISCONTINUED,2025-03-25 08:36:00
PROD00307,Garden Hose v5,Home & Garden,HomePro,363.07,448.13,PK,ACTIVE,2025-12-19 18:48:00
PROD00308,LED Floor Lamp v1,Home & Garden,Voltix,129.04,257.58,PK,ACTIVE,2025-10-03 11:29:00
PROD00309,Air Fryer v2,Home & Garden,HomePro,358.81,628.89,EA,ACTIVE,2025-01-23 02:11:00
PROD00310,Robot Vacuum v1,Home & Garden,CorePower,215.62,311.35,EA,ACTIVE,2025-08-04 17:54:00
PROD00311,Outdoor Heater v2,Home & Garden,TrailMax,698.95,842.89,EA,DISCONTINUED,2025-05-27 21:25:00
PROD00312,Tool Set v4,Home & Garden,DailyFresh,630.11,1446.35,BOX,ACTIVE,2025-09-13 03:24:00
PROD00313,Pressure Washer v2,Home & Garden,DailyFresh,119.14,252.06,PK,ACTIVE,2025-10-12 21:46:00
PROD00314,Olive Oil 1L v5,Grocery,Voltix,785.92,1506.08,PK,DISCONTINUED,2025-07-27 23:37:00
PROD00315,Coffee Beans 500g v2,Grocery,HomePro,28.1,63.58,PK,ACTIVE,2025-02-09 16:52:00
PROD00316,Protein Bars 12pk v4,Grocery,Voltix,5.43,10.42,BOX,ACTIVE,2024-10-28 15:12:00
PROD00317,Basmati Rice 5kg v1,Grocery,TrailMax,43.65,68.2,PK,ACTIVE,2025-03-24 04:18:00
PROD00318,Almond Milk 1L v4,Grocery,Voltix,282.74,568.4,PK,DISCONTINUED,2024-11-18 05:25:00
PROD00319,Dark Chocolate 200g v4,Grocery,Voltix,615.38,1354.5,PK,ACTIVE,2025-07-20 12:51:00
PROD00320,Running Shoes v2,Apparel,UrbanFit,727.0,1012.76,BOX,DISCONTINUED,2025-08-05 14:00:00
PROD00321,Rain Jacket v4,Apparel,DailyFresh,439.58,1033.85,EA,ACTIVE,2025-03-24 08:47:00
PROD00322,Merino Jumper v4,Apparel,UrbanFit,572.17,1101.06,PK,DISCONTINUED,2025-08-18 10:54:00
PROD00323,Denim Jeans v2,Apparel,DailyFresh,483.38,791.7,BOX,DISCONTINUED,2025-11-07 21:05:00
PROD00324,Hi-Vis Vest v5,Apparel,TrailMax,138.75,222.63,EA,DISCONTINUED,2025-03-29 01:29:00
PROD00325,Work Boots v4,Apparel,DailyFresh,256.42,345.11,PK,ACTIVE,2025-11-17 19:43:00
PROD00326,Yoga Mat v3,Sports,Voltix,334.89,572.94,BOX,ACTIVE,2024-11-18 09:22:00
PROD00327,Dumbbell Set 20kg v3,Sports,CorePower,377.69,655.72,EA,ACTIVE,2025-02-17 23:02:00
PROD00328,Camping Tent 4P v2,Sports,Voltix,480.02,804.25,BOX,ACTIVE,2024-10-22 23:09:00
PROD00329,Mountain Bike Helmet v3,Sports,TrailMax,571.1,980.76,PK,ACTIVE,2025-12-02 23:52:00
PROD00330,Esky 40L v1,Sports,TrailMax,473.11,827.99,PK,ACTIVE,2024-11-02 19:46:00
PROD00331,4K TV v4,Electronics,UrbanFit,575.48,1299.69,BOX,ACTIVE,2025-02-07 20:47:00
PROD00332,Bluetooth Speaker v2,Electronics,CorePower,274.58,461.54,PK,ACTIVE,2025-10-21 13:07:00
PROD00333,Laptop v3,Electronics,UrbanFit,715.11,1348.04,BOX,ACTIVE,2025-08-09 01:23:00
PROD00334,Tablet v4,Electronics,TrailMax,517.71,754.95,BOX,ACTIVE,2025-01-07 16:42:00
PROD00335,Noise-Cancel Headphones v2,Electronics,CorePower,44.98,75.49,PK,ACTIVE,2024-08-21 13:13:00
PROD00336,Smart Watch v2,Electronics,TrailMax,20.77,35.25,PK,DISCONTINUED,2025-06-21 20:20:00
PROD00337,Gaming Console v3,Electronics,HomePro,91.04,133.81,EA,ACTIVE,2025-08-26 22:38:00
PROD00338,Wireless Router v5,Electronics,TrailMax,744.97,1419.54,BOX,DISCONTINUED,2025-04-19 17:00:00
PROD00339,Cordless Drill v4,Home & Garden,HomePro,311.28,492.93,PK,DISCONTINUED,2024-12-04 17:44:00
PROD00340,Garden Hose v4,Home & Garden,Voltix,156.33,260.77,BOX,ACTIVE,2025-07-08 15:35:00
PROD00341,LED Floor Lamp v5,Home & Garden,TrailMax,886.51,1152.21,PK,ACTIVE,2025-09-07 10:28:00
PROD00342,Air Fryer v5,Home & Garden,UrbanFit,608.35,751.6,EA,ACTIVE,2025-06-04 13:26:00
PROD00343,Robot Vacuum v3,Home & Garden,UrbanFit,896.26,1100.69,BOX,DISCONTINUED,2024-12-17 12:58:00
PROD00344,Outdoor Heater v1,Home & Garden,Voltix,485.68,803.37,PK,ACTIVE,2024-12-05 03:36:00
PROD00345,Tool Set v4,Home & Garden,UrbanFit,263.26,589.14,PK,ACTIVE,2025-09-07 06:26:00
PROD00346,Pressure Washer v3,Home & Garden,CorePower,810.81,1244.31,EA,ACTIVE,2025-05-03 17:34:00
PROD00347,Olive Oil 1L v4,Grocery,DailyFresh,355.39,792.83,PK,DISCONTINUED,2024-11-07 05:25:00
PROD00348,Coffee Beans 500g v3,Grocery,DailyFresh,262.41,482.62,BOX,ACTIVE,2025-08-03 03:24:00
PROD00349,Protein Bars 12pk v4,Grocery,DailyFresh,523.82,891.39,EA,ACTIVE,2025-07-01 07:08:00
PROD00350,Basmati Rice 5kg v1,Grocery,UrbanFit,550.3,992.76,BOX,DISCONTINUED,2025-12-16 00:20:00
PROD00351,Almond Milk 1L v4,Grocery,CorePower,550.39,770.41,EA,ACTIVE,2024-08-30 23:38:00
PROD00352,Dark Chocolate 200g v5,Grocery,UrbanFit,795.63,1579.28,EA,ACTIVE,2025-04-10 11:46:00
PROD00353,Running Shoes v2,Apparel,TrailMax,787.69,1110.84,EA,ACTIVE,2024-09-21 00:13:00
PROD00354,Rain Jacket v5,Apparel,DailyFresh,521.53,913.22,EA,ACTIVE,2025-12-30 14:32:00
PROD00355,Merino Jumper v3,Apparel,HomePro,578.68,1252.51,EA,DISCONTINUED,2025-08-23 02:00:00
PROD00356,Denim Jeans v4,Apparel,UrbanFit,674.75,1361.93,PK,DISCONTINUED,2024-09-24 13:16:00
PROD00357,Hi-Vis Vest v5,Apparel,CorePower,795.49,1467.53,BOX,ACTIVE,2025-03-31 15:52:00
PROD00358,Work Boots v4,Apparel,CorePower,654.52,1015.52,EA,ACTIVE,2025-03-11 22:59:00
PROD00359,Yoga Mat v4,Sports,Voltix,462.36,915.27,EA,ACTIVE,2025-10-26 08:48:00
PROD00360,Dumbbell Set 20kg v1,Sports,CorePower,743.4,1564.33,EA,ACTIVE,2025-03-18 21:21:00
PROD00361,Camping Tent 4P v4,Sports,HomePro,131.19,195.69,PK,ACTIVE,2025-02-03 20:44:00
PROD00362,Mountain Bike Helmet v4,Sports,HomePro,70.37,160.38,PK,ACTIVE,2025-01-17 22:28:00
PROD00363,Esky 40L v3,Sports,UrbanFit,300.27,522.61,PK,ACTIVE,2025-09-12 04:09:00
PROD00364,4K TV v3,Electronics,UrbanFit,471.51,580.49,PK,ACTIVE,2025-01-23 22:10:00
PROD00365,Bluetooth Speaker v4,Electronics,CorePower,512.61,-1.0,PK,ACTIVE,2025-09-03 22:08:00
PROD00366,Laptop v4,Electronics,TrailMax,135.29,209.81,BOX,ACTIVE,2024-09-02 06:37:00
PROD00367,Tablet v3,Electronics,TrailMax,275.45,523.65,BOX,DISCONTINUED,2025-04-20 19:57:00
PROD00368,Noise-Cancel Headphones v2,Electronics,UrbanFit,156.69,252.75,BOX,ACTIVE,2025-05-13 11:24:00
PROD00369,Smart Watch v2,Electronics,UrbanFit,779.41,1389.14,PK,ACTIVE,2025-04-23 12:00:00
PROD00370,Gaming Console v2,Electronics,TrailMax,603.2,770.71,EA,ACTIVE,2024-11-03 08:38:00
PROD00371,Wireless Router v2,Electronics,TrailMax,701.1,1505.35,PK,DISCONTINUED,2025-06-06 20:58:00
PROD00372,Cordless Drill v5,Home & Garden,HomePro,14.93,31.29,BOX,ACTIVE,2025-02-21 21:02:00
PROD00373,Garden Hose v3,Home & Garden,UrbanFit,361.05,476.08,EA,ACTIVE,2025-05-29 17:54:00
PROD00374,LED Floor Lamp v1,Home & Garden,DailyFresh,668.17,1501.47,BOX,ACTIVE,2024-12-22 08:51:00
PROD00375,Air Fryer v2,Home & Garden,HomePro,666.53,1351.48,BOX,DISCONTINUED,2024-11-17 01:38:00
PROD00376,Robot Vacuum v2,Home & Garden,CorePower,242.12,371.16,EA,ACTIVE,2025-05-13 09:03:00
PROD00377,Outdoor Heater v5,Home & Garden,DailyFresh,190.13,283.81,PK,ACTIVE,2025-05-20 01:20:00
PROD00378,Tool Set v4,Home & Garden,Voltix,711.85,916.62,PK,ACTIVE,2025-04-19 06:06:00
PROD00379,Pressure Washer v4,Home & Garden,TrailMax,489.96,714.36,BOX,ACTIVE,2025-06-12 13:55:00
PROD00380,Olive Oil 1L v4,Grocery,CorePower,814.87,1681.87,EA,DISCONTINUED,2024-08-19 08:48:00
PROD00381,Coffee Beans 500g v2,Grocery,TrailMax,368.82,562.41,BOX,DISCONTINUED,2025-05-09 09:41:00
PROD00382,Protein Bars 12pk v2,Grocery,TrailMax,272.47,610.53,PK,ACTIVE,2025-07-05 14:07:00
PROD00383,Basmati Rice 5kg v4,Grocery,Voltix,879.6,2053.72,PK,DISCONTINUED,2025-04-29 05:11:00
PROD00384,Almond Milk 1L v3,Grocery,Voltix,62.74,107.81,PK,ACTIVE,2025-07-11 21:34:00
PROD00385,Dark Chocolate 200g v1,Grocery,HomePro,741.01,1061.36,EA,ACTIVE,2025-05-02 09:20:00
PROD00386,Running Shoes v3,Apparel,UrbanFit,690.71,1219.97,EA,ACTIVE,2025-01-31 05:12:00
PROD00387,Rain Jacket v2,Apparel,UrbanFit,690.69,1480.13,BOX,ACTIVE,2025-02-01 16:30:00
PROD00388,Merino Jumper v3,Apparel,HomePro,589.53,1265.43,PK,DISCONTINUED,2025-12-10 09:23:00
PROD00389,Denim Jeans v3,Apparel,CorePower,133.91,214.32,PK,DISCONTINUED,2025-01-23 13:36:00
PROD00390,Hi-Vis Vest v4,Apparel,Voltix,356.61,606.43,PK,ACTIVE,2025-07-15 04:29:00
PROD00391,Work Boots v2,Apparel,HomePro,691.28,845.7,BOX,ACTIVE,2025-01-16 11:01:00
PROD00392,Yoga Mat v3,Sports,UrbanFit,292.37,628.33,BOX,ACTIVE,2025-10-01 06:39:00
PROD00393,Dumbbell Set 20kg v1,Sports,Voltix,454.64,1012.79,EA,ACTIVE,2025-02-01 23:30:00
PROD00394,Camping Tent 4P v1,Sports,CorePower,847.58,1620.17,PK,DISCONTINUED,2024-12-24 08:38:00
PROD00395,Mountain Bike Helmet v1,Sports,CorePower,529.16,672.66,PK,ACTIVE,2025-05-21 11:28:00
PROD00396,Esky 40L v2,Sports,CorePower,831.55,1108.65,EA,ACTIVE,2026-01-01 23:26:00
PROD00397,4K TV v5,Electronics,TrailMax,742.58,1669.87,BOX,ACTIVE,2025-06-02 02:28:00
PROD00398,Bluetooth Speaker v3,Electronics,UrbanFit,223.72,422.22,BOX,ACTIVE,2025-08-07 00:08:00
PROD00399,Laptop v3,Electronics,TrailMax,695.8,891.74,PK,ACTIVE,2024-11-21 10:29:00
PROD00400,Tablet v2,Electronics,CorePower,208.0,340.01,BOX,ACTIVE,2024-12-27 19:47:00
PROD00401,Noise-Cancel Headphones v4,Electronics,DailyFresh,839.68,1148.95,PK,DISCONTINUED,2025-10-01 01:53:00
PROD00402,Smart Watch v5,Electronics,TrailMax,477.44,1096.0,EA,DISCONTINUED,2024-09-04 16:55:00
PROD00403,Gaming Console v4,Electronics,TrailMax,719.26,1545.09,BOX,ACTIVE,2025-07-09 02:47:00
PROD00404,Wireless Router v5,Electronics,Voltix,71.7,93.97,BOX,ACTIVE,2025-10-01 16:54:00
PROD00405,Cordless Drill v4,Home & Garden,UrbanFit,766.93,1448.51,BOX,ACTIVE,2025-09-07 02:49:00
PROD00406,Garden Hose v4,Home & Garden,DailyFresh,616.82,1345.47,BOX,ACTIVE,2025-07-18 10:04:00
PROD00407,LED Floor Lamp v4,Home & Garden,UrbanFit,166.78,315.26,BOX,DISCONTINUED,2025-11-17 00:25:00
PROD00408,Air Fryer v4,Home & Garden,Voltix,518.97,626.72,EA,ACTIVE,2025-01-31 13:09:00
PROD00409,Robot Vacuum v3,Home & Garden,UrbanFit,235.93,346.22,PK,ACTIVE,2025-09-17 18:59:00
PROD00410,Outdoor Heater v5,Home & Garden,HomePro,321.76,726.01,EA,ACTIVE,2024-12-02 09:11:00
PROD00411,Tool Set v1,Home & Garden,HomePro,94.4,173.71,BOX,ACTIVE,2025-12-20 02:20:00
PROD00412,Pressure Washer v2,Home & Garden,HomePro,784.02,1814.35,PK,ACTIVE,2025-03-24 08:14:00
PROD00413,Olive Oil 1L v3,Grocery,Voltix,842.93,1231.25,EA,DISCONTINUED,2024-10-21 12:01:00
PROD00414,Coffee Beans 500g v2,Grocery,DailyFresh,401.78,840.82,EA,DISCONTINUED,2025-03-31 12:12:00
PROD00415,Protein Bars 12pk v1,Grocery,Voltix,188.25,311.86,EA,ACTIVE,2024-11-10 06:07:00
PROD00416,Basmati Rice 5kg v3,Grocery,CorePower,846.86,1768.9,PK,DISCONTINUED,2024-11-24 06:05:00
PROD00417,Almond Milk 1L v3,Grocery,UrbanFit,720.61,1175.91,EA,DISCONTINUED,2024-08-27 00:24:00
PROD00418,Dark Chocolate 200g v1,Grocery,TrailMax,723.86,1216.35,PK,ACTIVE,2025-10-21 02:27:00
PROD00419,Running Shoes v2,Apparel,CorePower,851.56,1688.13,EA,DISCONTINUED,2025-11-10 15:01:00
PROD00420,Rain Jacket v3,Apparel,Voltix,856.37,1309.95,EA,ACTIVE,2024-11-17 18:00:00
PROD00421,Merino Jumper v4,Apparel,Voltix,118.64,164.54,EA,ACTIVE,2025-11-05 23:42:00
PROD00422,Denim Jeans v2,Apparel,DailyFresh,266.6,517.49,EA,ACTIVE,2025-12-11 16:09:00
PROD00423,Hi-Vis Vest v2,Apparel,TrailMax,668.8,1452.89,EA,ACTIVE,2024-09-03 15:13:00
PROD00424,Work Boots v3,Apparel,UrbanFit,278.23,542.65,PK,ACTIVE,2025-09-24 00:21:00
PROD00425,Yoga Mat v2,Sports,DailyFresh,29.53,52.11,EA,DISCONTINUED,2025-09-13 19:46:00
PROD00426,Dumbbell Set 20kg v1,Sports,TrailMax,474.58,659.57,EA,ACTIVE,2025-03-21 02:07:00
PROD00427,Camping Tent 4P v4,Sports,UrbanFit,871.98,1532.35,PK,ACTIVE,2025-10-31 19:51:00
PROD00428,Mountain Bike Helmet v4,Sports,TrailMax,574.62,904.29,EA,ACTIVE,2025-07-21 17:23:00
PROD00429,Esky 40L v1,Sports,DailyFresh,861.39,1724.6,PK,ACTIVE,2024-10-22 07:32:00
PROD00430,4K TV v2,Electronics,CorePower,120.31,280.41,EA,ACTIVE,2025-08-21 12:18:00
PROD00431,Bluetooth Speaker v2,Electronics,TrailMax,798.68,1059.27,EA,ACTIVE,2025-02-03 22:29:00
PROD00432,Laptop v5,Electronics,TrailMax,602.85,1099.54,EA,ACTIVE,2025-03-23 11:42:00
PROD00433,Tablet v1,Electronics,CorePower,134.12,279.46,PK,ACTIVE,2025-09-29 06:11:00
PROD00434,Noise-Cancel Headphones v2,Electronics,HomePro,16.83,33.01,PK,ACTIVE,2024-08-24 18:30:00
PROD00435,Smart Watch v5,Electronics,DailyFresh,437.52,705.58,PK,ACTIVE,2025-04-08 19:16:00
PROD00436,Gaming Console v3,Electronics,CorePower,493.11,661.45,BOX,ACTIVE,2025-02-07 05:16:00
PROD00437,Wireless Router v5,Electronics,DailyFresh,309.52,695.29,BOX,ACTIVE,2025-07-27 10:48:00
PROD00438,Cordless Drill v3,Home & Garden,DailyFresh,469.09,-1.0,BOX,ACTIVE,2025-12-25 17:08:00
PROD00439,Garden Hose v1,Home & Garden,Voltix,88.75,210.35,BOX,ACTIVE,2024-10-22 11:19:00
PROD00440,LED Floor Lamp v1,Home & Garden,UrbanFit,409.5,763.29,EA,DISCONTINUED,2025-10-12 16:12:00
PROD00441,Air Fryer v1,Home & Garden,HomePro,130.97,264.13,BOX,ACTIVE,2025-05-15 19:49:00
PROD00442,Robot Vacuum v5,Home & Garden,Voltix,139.99,312.45,BOX,ACTIVE,2025-05-22 07:44:00
PROD00443,Outdoor Heater v3,Home & Garden,HomePro,852.66,1566.37,EA,ACTIVE,2025-07-10 20:54:00
PROD00444,Tool Set v2,Home & Garden,UrbanFit,557.89,1233.99,BOX,DISCONTINUED,2025-11-01 06:17:00
PROD00445,Pressure Washer v4,Home & Garden,TrailMax,47.83,113.02,PK,DISCONTINUED,2025-11-19 15:29:00
PROD00446,Olive Oil 1L v3,Grocery,Voltix,292.44,604.14,EA,ACTIVE,2025-08-16 17:42:00
PROD00447,Coffee Beans 500g v5,Grocery,UrbanFit,283.2,653.53,EA,ACTIVE,2025-09-09 13:08:00
PROD00448,Protein Bars 12pk v2,Grocery,DailyFresh,132.84,290.51,EA,DISCONTINUED,2025-03-07 18:12:00
PROD00449,Basmati Rice 5kg v2,Grocery,TrailMax,226.72,367.4,EA,DISCONTINUED,2024-10-21 23:47:00
PROD00450,Almond Milk 1L v2,Grocery,DailyFresh,528.99,1061.57,EA,ACTIVE,2025-09-12 10:00:00
PROD00451,Dark Chocolate 200g v5,Grocery,Voltix,574.53,1048.37,BOX,DISCONTINUED,2024-12-15 21:28:00
PROD00452,Running Shoes v5,Apparel,DailyFresh,271.74,366.8,EA,ACTIVE,2025-11-12 23:21:00
PROD00453,Rain Jacket v1,Apparel,DailyFresh,788.21,1843.93,PK,ACTIVE,2025-07-05 14:27:00
PROD00454,Merino Jumper v4,Apparel,TrailMax,528.14,1189.1,EA,ACTIVE,2024-10-03 23:38:00
PROD00455,Denim Jeans v2,Apparel,CorePower,863.92,1933.54,PK,DISCONTINUED,2025-03-22 01:40:00
PROD00456,Hi-Vis Vest v3,Apparel,TrailMax,98.25,208.68,BOX,ACTIVE,2025-03-21 21:53:00
PROD00457,Work Boots v1,Apparel,Voltix,229.12,373.01,BOX,DISCONTINUED,2024-12-21 18:31:00
PROD00458,Yoga Mat v3,Sports,Voltix,202.36,348.16,BOX,DISCONTINUED,2025-06-02 19:53:00
PROD00459,Dumbbell Set 20kg v4,Sports,Voltix,510.8,984.8,BOX,ACTIVE,2025-06-17 20:06:00
PROD00460,Camping Tent 4P v2,Sports,TrailMax,519.76,696.98,BOX,DISCONTINUED,2025-10-10 12:45:00
PROD00461,Mountain Bike Helmet v4,Sports,DailyFresh,670.9,1084.69,BOX,ACTIVE,2025-12-13 12:52:00
PROD00462,Esky 40L v4,Sports,CorePower,725.48,1518.62,EA,ACTIVE,2025-06-05 05:01:00
PROD00463,4K TV v3,Electronics,DailyFresh,568.95,907.34,EA,DISCONTINUED,2025-10-27 08:22:00
PROD00464,Bluetooth Speaker v2,Electronics,TrailMax,737.26,1189.1,PK,ACTIVE,2025-02-01 14:44:00
PROD00465,Laptop v2,Electronics,HomePro,891.91,1351.96,BOX,ACTIVE,2025-09-02 12:48:00
PROD00466,Tablet v4,Electronics,Voltix,316.29,689.06,PK,ACTIVE,2025-06-30 17:47:00
PROD00467,Noise-Cancel Headphones v3,Electronics,TrailMax,725.42,1711.33,EA,ACTIVE,2025-07-12 12:20:00
PROD00468,Smart Watch v4,Electronics,HomePro,561.13,1103.95,PK,DISCONTINUED,2025-02-14 10:51:00
PROD00469,Gaming Console v2,Electronics,HomePro,396.24,647.36,PK,ACTIVE,2024-10-15 06:37:00
PROD00470,Wireless Router v5,Electronics,TrailMax,282.23,510.09,BOX,ACTIVE,2025-03-10 19:44:00
PROD00471,Cordless Drill v5,Home & Garden,CorePower,72.04,94.52,PK,ACTIVE,2024-11-01 22:21:00
PROD00472,Garden Hose v4,Home & Garden,Voltix,481.41,806.9,BOX,ACTIVE,2025-06-29 18:05:00
PROD00473,LED Floor Lamp v1,Home & Garden,HomePro,294.16,432.35,BOX,ACTIVE,2025-07-26 08:01:00
PROD00474,Air Fryer v2,Home & Garden,HomePro,447.07,983.51,EA,DISCONTINUED,2025-07-16 06:09:00
PROD00475,Robot Vacuum v1,Home & Garden,UrbanFit,15.13,22.58,PK,DISCONTINUED,2025-03-19 17:35:00
PROD00476,Outdoor Heater v2,Home & Garden,UrbanFit,898.54,1285.53,BOX,DISCONTINUED,2025-07-06 18:56:00
PROD00477,Tool Set v3,Home & Garden,CorePower,812.5,1352.43,PK,ACTIVE,2025-03-27 11:23:00
PROD00478,Pressure Washer v3,Home & Garden,UrbanFit,810.45,1883.73,PK,ACTIVE,2025-12-22 22:08:00
PROD00479,Olive Oil 1L v2,Grocery,UrbanFit,292.21,640.8,BOX,ACTIVE,2024-10-07 16:45:00
PROD00480,Coffee Beans 500g v5,Grocery,HomePro,430.26,678.17,BOX,ACTIVE,2025-08-21 22:41:00
PROD00481,Protein Bars 12pk v2,Grocery,DailyFresh,878.94,1920.74,PK,ACTIVE,2025-04-11 19:28:00
PROD00482,Basmati Rice 5kg v2,Grocery,Voltix,449.43,774.56,BOX,DISCONTINUED,2025-06-01 20:03:00
PROD00483,Almond Milk 1L v2,Grocery,Voltix,806.67,1429.38,BOX,ACTIVE,2024-09-21 23:17:00
PROD00484,Dark Chocolate 200g v1,Grocery,CorePower,514.5,1202.29,BOX,DISCONTINUED,2025-03-27 22:48:00
PROD00485,Running Shoes v2,Apparel,CorePower,848.7,2022.83,PK,ACTIVE,2025-05-21 22:43:00
PROD00486,Rain Jacket v5,Apparel,DailyFresh,276.98,409.67,EA,ACTIVE,2025-11-03 00:39:00
PROD00487,Merino Jumper v5,Apparel,Voltix,51.46,108.34,EA,ACTIVE,2025-05-17 13:46:00
PROD00488,Denim Jeans v5,Apparel,HomePro,148.44,212.8,EA,ACTIVE,2025-07-17 15:46:00
PROD00489,Hi-Vis Vest v4,Apparel,UrbanFit,111.07,145.16,BOX,DISCONTINUED,2025-10-05 13:24:00
PROD00490,Work Boots v3,Apparel,HomePro,627.99,857.97,EA,ACTIVE,2025-02-16 05:45:00
PROD00491,Yoga Mat v1,Sports,HomePro,389.6,585.34,PK,DISCONTINUED,2024-11-29 07:22:00
PROD00492,Dumbbell Set 20kg v3,Sports,DailyFresh,887.13,1738.43,EA,ACTIVE,2024-08-29 19:03:00
PROD00493,Camping Tent 4P v3,Sports,Voltix,883.88,1123.39,EA,ACTIVE,2025-12-25 16:00:00
PROD00494,Mountain Bike Helmet v1,Sports,UrbanFit,8.18,13.59,BOX,ACTIVE,2025-11-01 02:11:00
PROD00495,Esky 40L v2,Sports,UrbanFit,172.88,336.26,EA,ACTIVE,2024-10-07 21:58:00
PROD00496,4K TV v2,Electronics,DailyFresh,142.59,235.13,BOX,ACTIVE,2025-05-05 04:52:00
PROD00497,Bluetooth Speaker v1,Electronics,UrbanFit,737.82,912.25,EA,ACTIVE,2025-12-10 09:06:00
PROD00498,Laptop v5,Electronics,HomePro,316.75,448.68,EA,DISCONTINUED,2024-11-25 19:09:00
PROD00499,Tablet v4,Electronics,CorePower,897.62,2068.12,BOX,DISCONTINUED,2025-09-24 14:07:00
PROD00500,Noise-Cancel Headphones v2,Electronics,TrailMax,603.16,771.17,EA,ACTIVE,2025-12-23 15:12:00
