return_id,order_id,product_id,qty_returned,return_reason,return_status,refund_amount,returned_ts
RET000001,ORD0000784,PROD00023,2,CHANGE_OF_MIND,APPROVED,626.65,2025-12-18 03:08:00
RET000002,ORD0002257,PROD00194,1,SIZE_ISSUE,APPROVED,30.19,2025-10-20 03:27:00
RET000003,ORD0000253,PROD00235,3,CHANGE_OF_MIND,APPROVED,282.18,2025-10-17 06:30:00
RET000004,ORD0003492,PROD00072,1,LATE_DELIVERY,APPROVED,540.0,2025-08-06 05:26:00
RET000005,ORD0004948,PROD00297,2,CHANGE_OF_MIND,PENDING,678.24,2025-12-10 07:45:00
RET000006,ORD0002095,PROD00020,3,LATE_DELIVERY,APPROVED,610.23,2025-11-23 19:43:00
RET000007,ORD0002688,PROD00056,2,CHANGE_OF_MIND,PENDING,280.54,2025-08-16 11:02:00
RET000008,ORD0000372,PROD00459,3,WRONG_ITEM,APPROVED,442.57,2025-10-20 18:24:00
RET000009,ORD0001892,PROD00029,3,DAMAGED_IN_TRANSIT,APPROVED,422.2,2025-07-21 09:14:00
RET000010,ORD0002160,PROD00310,2,DAMAGED_IN_TRANSIT,APPROVED,33.11,2025-12-04 22:56:00
RET000011,ORD0003756,PROD00473,2,CHANGE_OF_MIND,PENDING,109.72,2025-10-14 11:58:00
RET000012,ORD0001914,PROD00040,3,LATE_DELIVERY,REJECTED,686.69,2025-07-10 09:19:00
RET000013,ORD0000448,PROD00492,1,LATE_DELIVERY,APPROVED,197.02,2025-06-22 13:48:00
RET000014,ORD0002372,PROD00465,1,LATE_DELIVERY,PENDING,819.93,2025-11-12 16:54:00
RET000015,ORD0003879,PROD00398,2,SIZE_ISSUE,REJECTED,825.01,2025-10-19 03:48:00
RET000016,ORD0004298,PROD00048,2,LATE_DELIVERY,APPROVED,254.73,2025-09-30 19:13:00
RET000017,ORD0002856,PROD00424,1,FAULTY,APPROVED,737.41,2025-07-04 06:16:00
RET000018,ORD0000115,PROD00439,3,LATE_DELIVERY,APPROVED,487.33,2025-11-20 20:44:00
RET000019,ORD0003363,PROD00061,1,WRONG_ITEM,APPROVED,269.04,2025-07-02 02:27:00
RET000020,ORD0001819,PROD00284,3,WRONG_ITEM,PENDING,407.98,2025-10-19 03:41:00
RET000021,ORD0000179,PROD00208,2,WRONG_ITEM,APPROVED,886.74,2025-11-01 00:37:00
RET000022,ORD0001823,PROD00261,1,SIZE_ISSUE,APPROVED,486.39,2025-09-05 20:19:00
RET000023,ORD0003594,PROD00056,3,FAULTY,APPROVED,814.65,2025-06-17 10:08:00
RET000024,ORD0000285,PROD00253,1,WRONG_ITEM,APPROVED,21.58,2025-09-06 23:22:00
RET000025,ORD0002429,PROD00469,1,LATE_DELIVERY,APPROVED,690.11,2025-10-20 00:52:00
RET000026,ORD0000697,PROD00179,3,DAMAGED_IN_TRANSIT,APPROVED,211.3,2025-11-16 16:54:00
RET000027,ORD0003867,PROD00311,2,FAULTY,REJECTED,833.01,2025-11-27 18:01:00
RET000028,ORD0002410,PROD00405,3,LATE_DELIVERY,APPROVED,721.39,2026-01-01 11:21:00
RET000029,ORD0002391,PROD00430,1,WRONG_ITEM,APPROVED,125.79,2025-06-17 06:14:00
RET000030,ORD0000414,PROD00050,2,WRONG_ITEM,PENDING,829.07,2025-08-02 02:28:00
RET000031,ORD0000869,PROD00427,1,WRONG_ITEM,APPROVED,876.12,2025-12-24 17:50:00
RET000032,ORD0000931,PROD00340,1,DAMAGED_IN_TRANSIT,APPROVED,329.53,2025-08-06 05:50:00
RET000033,ORD0001159,PROD00072,2,DAMAGED_IN_TRANSIT,PENDING,605.28,2025-07-21 18:20:00
RET000034,ORD0002248,PROD00119,2,CHANGE_OF_MIND,REJECTED,154.47,2025-11-05 17:10:00
RET000035,ORD0002559,PROD00173,3,FAULTY,APPROVED,542.86,2025-09-19 01:52:00
RET000036,ORD0004825,PROD00002,1,CHANGE_OF_MIND,PENDING,706.18,2025-09-19 00:38:00
RET000037,ORD0003494,PROD00255,2,WRONG_ITEM,PENDING,83.25,2025-12-31 15:11:00
RET000038,ORD0002136,PROD00314,3,FAULTY,APPROVED,849.94,2025-06-19 03:35:00
RET000039,ORD0004740,PROD00380,1,SIZE_ISSUE,APPROVED,321.89,2025-07-31 08:56:00
RET000040,ORD0001814,PROD00108,1,WRONG_ITEM,APPROVED,615.51,2025-10-05 18:35:00
RET000041,ORD0004080,PROD00367,1,DAMAGED_IN_TRANSIT,REJECTED,360.83,2025-09-09 04:49:00
RET000042,ORD0004651,PROD00496,2,DAMAGED_IN_TRANSIT,APPROVED,336.2,2025-08-31 00:46:00
RET000043,ORD0001009,PROD00450,3,FAULTY,REJECTED,749.25,2025-07-09 17:52:00
RET000044,ORD0003374,PROD00211,2,DAMAGED_IN_TRANSIT,APPROVED,770.97,2025-08-21 20:06:00
RET000045,ORD0001300,PROD00367,3,FAULTY,APPROVED,788.8,2025-10-02 11:42:00
RET000046,ORD0004863,PROD00314,3,DAMAGED_IN_TRANSIT,APPROVED,696.74,2025-11-18 17:50:00
RET000047,ORD0002980,PROD00195,1,SIZE_ISSUE,APPROVED,627.63,2025-11-12 19:34:00
RET000048,ORD0003804,PROD00297,1,LATE_DELIVERY,REJECTED,312.29,2025-06-27 02:35:00
RET000049,ORD0000730,PROD00259,2,CHANGE_OF_MIND,PENDING,130.39,2025-11-21 18:26:00
RET000050,ORD0002139,PROD00037,1,CHANGE_OF_MIND,APPROVED,200.29,2025-11-23 02:08:00
RET000051,ORD0002846,PROD00203,1,WRONG_ITEM,REJECTED,660.07,2025-11-18 17:10:00
RET000052,ORD0000983,PROD00210,3,FAULTY,APPROVED,583.12,2025-11-19 02:35:00
RET000053,ORD0003946,PROD00481,3,LATE_DELIVERY,APPROVED,274.91,2025-07-01 19:17:00
RET000054,ORD0004035,PROD00491,3,FAULTY,APPROVED,254.59,2025-07-08 04:25:00
RET000055,ORD0004197,PROD00491,2,CHANGE_OF_MIND,REJECTED,474.71,2025-12-01 04:06:00
RET000056,ORD0001364,PROD00328,1,FAULTY,PENDING,835.42,2025-12-03 06:11:00
RET000057,ORD0004052,PROD00460,2,DAMAGED_IN_TRANSIT,APPROVED,714.56,2025-10-02 06:44:00
RET000058,ORD0000247,PROD00177,1,SIZE_ISSUE,APPROVED,259.99,2025-12-30 22:30:00
RET000059,ORD0001666,PROD00206,2,LATE_DELIVERY,APPROVED,471.83,2025-09-02 23:22:00
RET000060,ORD0004579,PROD00416,3,LATE_DELIVERY,REJECTED,705.56,2025-12-10 14:35:00
RET000061,ORD0004359,PROD00255,1,LATE_DELIVERY,APPROVED,174.93,2025-07-12 06:01:00
RET000062,ORD0001717,PROD00213,3,CHANGE_OF_MIND,APPROVED,608.19,2025-10-11 12:58:00
RET000063,ORD0000966,PROD00385,3,CHANGE_OF_MIND,APPROVED,604.84,2025-10-13 05:21:00
RET000064,ORD0000466,PROD00433,1,CHANGE_OF_MIND,PENDING,517.74,2025-12-13 14:52:00
RET000065,ORD0003865,PROD00292,2,DAMAGED_IN_TRANSIT,APPROVED,241.49,2025-11-12 07:58:00
RET000066,ORD0004823,PROD00493,2,WRONG_ITEM,APPROVED,177.8,2025-08-28 21:34:00
RET000067,ORD0000704,PROD00370,2,WRONG_ITEM,APPROVED,812.17,2025-08-24 06:24:00
RET000068,ORD0001424,PROD00475,3,DAMAGED_IN_TRANSIT,APPROVED,524.0,2025-07-27 16:35:00
RET000069,ORD0001955,PROD00324,1,LATE_DELIVERY,PENDING,673.62,2025-12-07 20:29:00
RET000070,ORD0004504,PROD00169,2,DAMAGED_IN_TRANSIT,PENDING,785.56,2025-11-24 19:28:00
RET000071,ORD0002667,PROD00164,3,LATE_DELIVERY,APPROVED,580.58,2025-12-14 20:42:00
RET000072,ORD0000041,PROD00066,2,SIZE_ISSUE,APPROVED,505.44,2025-09-10 10:53:00
RET000073,ORD0000352,PROD00001,2,LATE_DELIVERY,APPROVED,97.75,2025-11-30 21:22:00
RET000074,ORD0000042,PROD00030,3,LATE_DELIVERY,PENDING,851.43,2025-10-06 05:01:00
RET000075,ORD0001534,PROD00385,3,SIZE_ISSUE,APPROVED,444.86,2025-12-22 21:22:00
RET000076,ORD0002308,PROD00440,1,FAULTY,REJECTED,446.46,2025-09-06 18:42:00
RET000077,ORD0004025,PROD00388,1,SIZE_ISSUE,PENDING,572.96,2025-07-22 17:34:00
RET000078,ORD0002991,PROD00303,2,SIZE_ISSUE,PENDING,374.76,2025-10-17 02:55:00
RET000079,ORD0004344,PROD00351,2,CHANGE_OF_MIND,APPROVED,149.41,2025-10-28 19:45:00
RET000080,ORD0004099,PROD00399,2,SIZE_ISSUE,REJECTED,643.93,2025-09-01 13:19:00
RET000081,ORD0003566,PROD00139,1,SIZE_ISSUE,REJECTED,57.13,2025-11-29 13:42:00
RET000082,ORD0001627,PROD00461,2,LATE_DELIVERY,PENDING,514.02,2025-08-10 08:43:00
RET000083,ORD0002562,PROD00233,1,CHANGE_OF_MIND,PENDING,334.99,2025-08-06 15:29:00
RET000084,ORD0004228,PROD00486,3,SIZE_ISSUE,APPROVED,232.68,2025-10-29 12:20:00
RET000085,ORD0004745,PROD00500,1,CHANGE_OF_MIND,APPROVED,825.87,2025-11-29 19:01:00
RET000086,ORD0003926,PROD00077,1,SIZE_ISSUE,PENDING,460.01,2025-12-24 06:58:00
RET000087,ORD0002642,PROD00031,3,LATE_DELIVERY,APPROVED,592.58,2025-11-19 16:55:00
RET000088,ORD0001249,PROD00478,2,CHANGE_OF_MIND,APPROVED,177.83,2025-06-27 22:49:00
RET000089,ORD0003735,PROD00145,1,LATE_DELIVERY,APPROVED,249.13,2025-10-22 03:43:00
RET000090,ORD0000835,PROD00499,2,SIZE_ISSUE,APPROVED,527.02,2025-12-28 03:28:00
RET000091,ORD0000113,PROD00353,1,LATE_DELIVERY,APPROVED,471.56,2025-12-14 15:30:00
RET000092,ORD0003362,PROD00419,3,DAMAGED_IN_TRANSIT,REJECTED,387.23,2025-12-29 13:06:00
RET000093,ORD0004899,PROD00312,2,WRONG_ITEM,APPROVED,131.32,2025-07-06 01:00:00
RET000094,ORD0001946,PROD00124,3,FAULTY,APPROVED,447.28,2025-11-03 04:27:00
RET000095,ORD0004925,PROD00430,2,WRONG_ITEM,PENDING,6.41,2025-11-18 19:54:00
RET000096,ORD0003378,PROD00208,2,CHANGE_OF_MIND,APPROVED,724.36,2025-11-07 13:43:00
RET000097,ORD0001029,PROD00460,1,CHANGE_OF_MIND,PENDING,721.52,2025-09-03 15:00:00
RET000098,ORD0001486,PROD00065,2,FAULTY,APPROVED,493.29,2025-10-25 00:09:00
RET000099,ORD0004869,PROD00025,1,SIZE_ISSUE,APPROVED,396.9,2025-12-16 15:27:00
RET000100,ORD0002123,PROD00235,1,FAULTY,REJECTED,653.71,2025-08-10 14:24:00
RET000101,ORD0004431,PROD00282,3,CHANGE_OF_MIND,REJECTED,250.74,2025-12-03 17:45:00
RET000102,ORD0004036,PROD00017,3,LATE_DELIVERY,APPROVED,207.25,2025-10-04 11:39:00
RET000103,ORD0002926,PROD00438,2,LATE_DELIVERY,APPROVED,305.93,2025-08-12 03:18:00
RET000104,ORD0000072,PROD00280,1,CHANGE_OF_MIND,APPROVED,846.43,2025-09-11 19:18:00
RET000105,ORD0003390,PROD00409,1,WRONG_ITEM,REJECTED,514.56,2025-07-16 22:02:00
RET000106,ORD0001808,PROD00251,2,SIZE_ISSUE,REJECTED,397.39,2025-06-17 08:30:00
RET000107,ORD0000466,PROD00112,3,CHANGE_OF_MIND,APPROVED,312.21,2025-07-11 05:20:00
RET000108,ORD0003063,PROD00262,3,DAMAGED_IN_TRANSIT,APPROVED,16.77,2025-07-27 13:03:00
RET000109,ORD0002189,PROD00394,2,LATE_DELIVERY,APPROVED,801.11,2025-11-07 01:56:00
RET000110,ORD0000678,PROD00189,1,LATE_DELIVERY,REJECTED,296.94,2025-10-07 07:54:00
RET000111,ORD0002063,PROD00309,2,CHANGE_OF_MIND,REJECTED,851.81,2025-11-29 05:49:00
RET000112,ORD0003905,PROD00440,1,CHANGE_OF_MIND,REJECTED,226.48,2025-12-02 08:35:00
RET000113,ORD0001809,PROD00465,1,WRONG_ITEM,APPROVED,507.78,2025-12-28 05:32:00
RET000114,ORD0004394,PROD00380,3,DAMAGED_IN_TRANSIT,PENDING,74.56,2025-11-01 11:11:00
RET000115,ORD0001477,PROD00333,3,SIZE_ISSUE,PENDING,781.61,2025-09-07 15:10:00
RET000116,ORD0000520,PROD00110,2,DAMAGED_IN_TRANSIT,PENDING,361.06,2025-10-05 07:23:00
RET000117,ORD0003008,PROD00036,2,DAMAGED_IN_TRANSIT,PENDING,119.38,2025-06-18 03:53:00
RET000118,ORD0003782,PROD00202,1,WRONG_ITEM,APPROVED,630.04,2025-09-29 23:52:00
RET000119,ORD0003494,PROD00270,1,FAULTY,APPROVED,651.79,2025-09-24 18:25:00
RET000120,ORD0003393,PROD00498,1,CHANGE_OF_MIND,APPROVED,707.05,2025-07-11 23:52:00
RET000121,ORD0001501,PROD00486,3,DAMAGED_IN_TRANSIT,APPROVED,237.7,2025-12-05 20:32:00
RET000122,ORD0000370,PROD00354,3,LATE_DELIVERY,APPROVED,754.14,2025-10-30 09:35:00
RET000123,ORD0000168,PROD00282,2,LATE_DELIVERY,APPROVED,243.5,2025-07-26 02:41:00
RET000124,ORD0002141,PROD00415,2,FAULTY,APPROVED,209.94,2025-09-27 07:58:00
RET000125,ORD0000493,PROD00282,1,WRONG_ITEM,PENDING,56.05,2025-06-17 02:35:00
RET000126,ORD0001516,PROD00387,1,DAMAGED_IN_TRANSIT,PENDING,349.83,2025-10-02 01:20:00
RET000127,ORD0003158,PROD00030,1,CHANGE_OF_MIND,APPROVED,884.95,2025-06-20 12:59:00
RET000128,ORD0002447,PROD00166,2,DAMAGED_IN_TRANSIT,APPROVED,370.32,2025-12-07 14:04:00
RET000129,ORD0001757,PROD00214,1,FAULTY,APPROVED,188.32,2025-07-30 17:09:00
RET000130,ORD0003760,PROD00157,3,SIZE_ISSUE,PENDING,714.01,2025-10-28 20:59:00
RET000131,ORD0004072,PROD00288,2,DAMAGED_IN_TRANSIT,PENDING,694.47,2025-12-04 20:37:00
RET000132,ORD0001618,PROD00499,1,WRONG_ITEM,REJECTED,855.2,2025-10-21 17:03:00
RET000133,ORD0001397,PROD00346,3,DAMAGED_IN_TRANSIT,APPROVED,806.9,2025-12-24 17:43:00
RET000134,ORD0002208,PROD00060,3,CHANGE_OF_MIND,REJECTED,419.99,2025-06-27 20:15:00
RET000135,ORD0001381,PROD00279,3,FAULTY,PENDING,208.91,2025-12-05 05:43:00
RET000136,ORD0002388,PROD00466,2,CHANGE_OF_MIND,APPROVED,532.23,2025-11-27 14:00:00
RET000137,ORD0000646,PROD00080,1,FAULTY,PENDING,147.99,2025-11-22 08:49:00
RET000138,ORD0004220,PROD00354,1,FAULTY,APPROVED,679.66,2025-12-24 18:41:00
RET000139,ORD0000682,PROD00079,2,WRONG_ITEM,APPROVED,266.92,2025-12-10 04:24:00
RET000140,ORD0004384,PROD00440,3,WRONG_ITEM,PENDING,321.04,2025-10-22 09:25:00
RET000141,ORD0001886,PROD00457,3,CHANGE_OF_MIND,APPROVED,220.52,2025-06-19 23:56:00
RET000142,ORD0003476,PROD00337,2,CHANGE_OF_MIND,PENDING,324.84,2025-10-06 12:24:00
RET000143,ORD0002991,PROD00150,1,CHANGE_OF_MIND,REJECTED,400.77,2025-07-01 23:31:00
RET000144,ORD0000020,PROD00376,2,FAULTY,PENDING,66.61,2025-12-20 01:46:00
RET000145,ORD0001765,PROD00072,1,FAULTY,APPROVED,629.14,2025-09-07 00:17:00
RET000146,ORD0004967,PROD00407,2,FAULTY,PENDING,596.81,2025-11-01 05:14:00
RET000147,ORD0000715,PROD00369,3,SIZE_ISSUE,APPROVED,248.54,2025-08-26 00:33:00
RET000148,ORD0003525,PROD00159,1,DAMAGED_IN_TRANSIT,APPROVED,689.29,2025-12-07 16:53:00
RET000149,ORD0003852,PROD00112,3,SIZE_ISSUE,PENDING,845.3,2025-09-22 11:15:00
RET000150,ORD0000227,PROD00335,1,WRONG_ITEM,PENDING,777.77,2025-11-04 16:59:00
RET000151,ORD0003829,PROD00200,1,SIZE_ISSUE,APPROVED,692.67,2025-09-16 09:59:00
RET000152,ORD0004444,PROD00089,3,LATE_DELIVERY,REJECTED,823.01,2025-08-25 15:12:00
RET000153,ORD0000437,PROD00376,1,FAULTY,PENDING,201.0,2025-12-03 16:44:00
RET000154,ORD0002990,PROD00016,2,LATE_DELIVERY,APPROVED,456.33,2025-12-18 07:55:00
RET000155,ORD0004362,PROD00420,3,WRONG_ITEM,APPROVED,186.21,2025-11-21 04:47:00
RET000156,ORD0001134,PROD00122,2,DAMAGED_IN_TRANSIT,APPROVED,293.69,2025-10-25 02:25:00
RET000157,ORD0002460,PROD00300,3,FAULTY,PENDING,586.15,2025-07-20 09:37:00
RET000158,ORD0003879,PROD00256,2,WRONG_ITEM,PENDING,391.54,2025-06-15 00:42:00
RET000159,ORD0003729,PROD00189,1,WRONG_ITEM,APPROVED,676.06,2025-06-15 21:00:00
RET000160,ORD0000902,PROD00303,2,LATE_DELIVERY,APPROVED,412.62,2025-11-23 06:02:00
RET000161,ORD0003272,PROD00062,2,CHANGE_OF_MIND,APPROVED,322.89,2025-10-23 16:36:00
RET000162,ORD0004289,PROD00054,3,FAULTY,REJECTED,542.49,2025-08-13 20:58:00
RET000163,ORD0003305,PROD00112,2,LATE_DELIVERY,APPROVED,780.57,2025-11-11 23:59:00
RET000164,ORD0003709,PROD00092,3,FAULTY,APPROVED,709.03,2025-12-25 08:07:00
RET000165,ORD0004322,PROD00392,3,FAULTY,PENDING,751.5,2025-09-07 04:29:00
RET000166,ORD0004456,PROD00251,3,DAMAGED_IN_TRANSIT,REJECTED,585.97,2025-07-08 01:18:00
RET000167,ORD0003379,PROD00110,3,DAMAGED_IN_TRANSIT,REJECTED,579.64,2025-07-09 03:48:00
RET000168,ORD0004447,PROD00085,1,LATE_DELIVERY,APPROVED,163.43,2025-08-10 12:00:00
RET000169,ORD0001131,PROD00173,2,FAULTY,PENDING,232.71,2025-07-27 00:54:00
RET000170,ORD0004166,PROD00019,1,FAULTY,APPROVED,414.04,2025-11-21 21:39:00
RET000171,ORD0001420,PROD00451,2,DAMAGED_IN_TRANSIT,APPROVED,786.85,2025-06-18 07:02:00
RET000172,ORD0002200,PROD00371,3,LATE_DELIVERY,APPROVED,817.97,2025-07-21 17:26:00
RET000173,ORD0001561,PROD00449,2,FAULTY,PENDING,493.45,2025-11-24 17:34:00
RET000174,ORD0000919,PROD00316,1,FAULTY,APPROVED,596.59,2025-09-04 01:44:00
RET000175,ORD0001936,PROD00101,2,FAULTY,REJECTED,330.2,2025-12-14 08:57:00
RET000176,ORD0001206,PROD00014,2,WRONG_ITEM,PENDING,889.46,2025-12-23 00:18:00
RET000177,ORD0000589,PROD00372,2,FAULTY,APPROVED,495.07,2026-01-01 22:26:00
RET000178,ORD0000912,PROD00479,1,LATE_DELIVERY,APPROVED,60.14,2025-10-28 12:53:00
RET000179,ORD0002442,PROD00058,2,DAMAGED_IN_TRANSIT,REJECTED,701.7,2025-10-21 01:34:00
RET000180,ORD0001605,PROD00100,1,CHANGE_OF_MIND,APPROVED,279.71,2025-11-10 03:44:00
RET000181,ORD0000676,PROD00391,1,SIZE_ISSUE,APPROVED,514.18,2025-12-29 18:59:00
RET000182,ORD0002268,PROD00346,1,FAULTY,APPROVED,167.07,2025-11-14 11:59:00
RET000183,ORD0004539,PROD00260,2,LATE_DELIVERY,APPROVED,434.72,2025-07-28 23:18:00
RET000184,ORD0000190,PROD00163,3,SIZE_ISSUE,PENDING,743.22,2025-09-15 04:43:00
RET000185,ORD0000333,PROD00176,3,SIZE_ISSUE,APPROVED,881.18,2025-09-18 05:05:00
RET000186,ORD0000931,PROD00149,3,SIZE_ISSUE,APPROVED,366.37,2025-12-27 16:37:00
RET000187,ORD0002126,PROD00268,3,WRONG_ITEM,APPROVED,467.19,2025-10-22 12:16:00
RET000188,ORD0001087,PROD00421,2,DAMAGED_IN_TRANSIT,APPROVED,214.05,2025-10-28 15:48:00
RET000189,ORD0003179,PROD00307,2,WRONG_ITEM,REJECTED,716.22,2025-08-23 15:59:00
RET000190,ORD0001296,PROD00143,3,FAULTY,APPROVED,794.95,2025-09-15 09:38:00
RET000191,ORD0001989,PROD00383,1,LATE_DELIVERY,REJECTED,278.43,2025-11-30 01:16:00
RET000192,ORD0002526,PROD00408,1,WRONG_ITEM,PENDING,746.36,2025-10-10 11:52:00
RET000193,ORD0004602,PROD00328,2,SIZE_ISSUE,APPROVED,171.6,2025-09-30 19:09:00
RET000194,ORD0000436,PROD00105,3,LATE_DELIVERY,APPROVED,753.96,2025-08-17 22:30:00
RET000195,ORD0001082,PROD00004,3,WRONG_ITEM,REJECTED,725.19,2025-08-03 01:23:00
RET000196,ORD0001098,PROD00385,1,SIZE_ISSUE,REJECTED,410.36,2025-12-27 23:48:00
RET000197,ORD0004692,PROD00478,1,SIZE_ISSUE,PENDING,71.15,2025-07-19 06:41:00
RET000198,ORD0002810,PROD00094,2,SIZE_ISSUE,REJECTED,856.63,2025-08-10 21:55:00
RET000199,ORD0003964,PROD00249,3,SIZE_ISSUE,REJECTED,728.07,2025-08-29 02:49:00
RET000200,ORD0002423,PROD00275,1,DAMAGED_IN_TRANSIT,APPROVED,220.94,2025-06-19 23:39:00
RET000201,ORD0000044,PROD00147,3,LATE_DELIVERY,APPROVED,56.48,2025-07-16 00:46:00
RET000202,ORD0004773,PROD00019,1,SIZE_ISSUE,APPROVED,773.3,2025-11-03 21:12:00
RET000203,ORD0004427,PROD00019,2,DAMAGED_IN_TRANSIT,PENDING,88.59,2025-10-18 03:10:00
RET000204,ORD0002759,PROD00194,3,CHANGE_OF_MIND,REJECTED,612.19,2025-12-25 16:33:00
RET000205,ORD0004562,PROD00340,1,DAMAGED_IN_TRANSIT,APPROVED,365.71,2025-11-17 02:59:00
RET000206,ORD0001348,PROD00005,3,LATE_DELIVERY,APPROVED,178.7,2025-10-19 04:49:00
RET000207,ORD0004429,PROD00139,3,CHANGE_OF_MIND,APPROVED,756.03,2025-06-26 06:45:00
RET000208,ORD0003370,PROD00400,3,WRONG_ITEM,APPROVED,801.18,2025-06-28 16:02:00
RET000209,ORD0004958,PROD00237,1,CHANGE_OF_MIND,APPROVED,15.79,2025-10-01 04:53:00
RET000210,ORD0000062,PROD00115,1,WRONG_ITEM,REJECTED,492.96,2025-09-18 00:24:00
RET000211,ORD0003519,PROD00319,3,WRONG_ITEM,APPROVED,728.6,2025-10-31 19:10:00
RET000212,ORD0000342,PROD00272,3,SIZE_ISSUE,REJECTED,214.73,2025-12-21 15:46:00
RET000213,ORD0004316,PROD00410,2,SIZE_ISSUE,APPROVED,632.27,2025-06-19 15:32:00
RET000214,ORD0003711,PROD00499,1,SIZE_ISSUE,APPROVED,205.57,2025-06-22 18:56:00
RET000215,ORD0002889,PROD00475,1,CHANGE_OF_MIND,APPROVED,723.29,2025-10-07 03:44:00
RET000216,ORD0002732,PROD00410,3,CHANGE_OF_MIND,PENDING,545.89,2025-10-25 18:11:00
RET000217,ORD0004597,PROD00397,2,DAMAGED_IN_TRANSIT,APPROVED,175.69,2025-10-31 23:39:00
RET000218,ORD0001418,PROD00398,2,CHANGE_OF_MIND,APPROVED,489.04,2025-09-16 10:44:00
RET000219,ORD0004498,PROD00053,1,WRONG_ITEM,APPROVED,283.19,2025-06-16 03:47:00
RET000220,ORD0003341,PROD00199,1,SIZE_ISSUE,PENDING,764.26,2025-11-04 15:35:00
RET000221,ORD0001024,PROD00369,2,DAMAGED_IN_TRANSIT,APPROVED,499.92,2025-06-26 05:57:00
RET000222,ORD0000374,PROD00390,3,SIZE_ISSUE,REJECTED,558.3,2025-06-19 07:12:00
RET000223,ORD0002166,PROD00330,2,SIZE_ISSUE,APPROVED,784.23,2025-11-20 11:26:00
RET000224,ORD0004796,PROD00165,3,SIZE_ISSUE,PENDING,519.74,2025-08-09 12:27:00
RET000225,ORD0002359,PROD00232,3,FAULTY,PENDING,602.75,2025-07-10 22:49:00
RET000226,ORD0004114,PROD00187,2,DAMAGED_IN_TRANSIT,APPROVED,72.92,2025-10-29 18:45:00
RET000227,ORD0003014,PROD00143,2,WRONG_ITEM,APPROVED,760.3,2025-11-17 22:02:00
RET000228,ORD0003682,PROD00490,2,DAMAGED_IN_TRANSIT,REJECTED,468.56,2025-12-14 06:09:00
RET000229,ORD0002751,PROD00304,2,DAMAGED_IN_TRANSIT,APPROVED,652.64,2025-09-08 01:14:00
RET000230,ORD0004911,PROD00028,2,FAULTY,APPROVED,725.68,2025-07-31 02:36:00
RET000231,ORD0001306,PROD00244,1,WRONG_ITEM,APPROVED,820.76,2025-12-30 08:45:00
RET000232,ORD0003796,PROD00201,1,SIZE_ISSUE,APPROVED,26.02,2025-10-25 16:32:00
RET000233,ORD0000150,PROD00221,3,CHANGE_OF_MIND,PENDING,869.78,2025-09-27 23:28:00
RET000234,ORD0002694,PROD00092,2,DAMAGED_IN_TRANSIT,APPROVED,140.35,2025-07-13 06:41:00
RET000235,ORD0004524,PROD00227,1,WRONG_ITEM,PENDING,463.48,2025-10-01 20:58:00
RET000236,ORD0004463,PROD00152,2,FAULTY,REJECTED,487.82,2025-11-11 11:50:00
RET000237,ORD0003488,PROD00025,3,SIZE_ISSUE,PENDING,500.11,2025-08-03 06:14:00
RET000238,ORD0000834,PROD00064,3,CHANGE_OF_MIND,REJECTED,356.09,2025-12-27 06:28:00
RET000239,ORD0001460,PROD00397,3,LATE_DELIVERY,REJECTED,741.23,2025-07-02 14:16:00
RET000240,ORD0003801,PROD00077,3,CHANGE_OF_MIND,PENDING,848.88,2025-07-08 14:29:00
RET000241,ORD0000209,PROD00231,2,FAULTY,PENDING,90.18,2025-12-20 07:16:00
RET000242,ORD0004924,PROD00119,1,DAMAGED_IN_TRANSIT,REJECTED,207.92,2025-07-17 13:28:00
RET000243,ORD0003530,PROD00110,2,FAULTY,REJECTED,677.99,2025-09-01 15:40:00
RET000244,ORD0003664,PROD00029,1,CHANGE_OF_MIND,PENDING,669.41,2025-07-17 00:58:00
RET000245,ORD0001696,PROD00483,3,FAULTY,APPROVED,571.41,2025-08-31 11:01:00
RET000246,ORD0004057,PROD00105,2,WRONG_ITEM,PENDING,390.61,2025-07-14 13:48:00
RET000247,ORD0002678,PROD00363,3,FAULTY,REJECTED,261.98,2025-12-29 04:16:00
RET000248,ORD0004069,PROD00353,2,CHANGE_OF_MIND,APPROVED,543.25,2025-09-20 16:56:00
RET000249,ORD0004485,PROD00197,2,WRONG_ITEM,APPROVED,164.92,2025-08-28 02:44:00
RET000250,ORD0000405,PROD00463,3,CHANGE_OF_MIND,APPROVED,232.44,2025-12-21 09:07:00
RET000251,ORD0004797,PROD00051,2,DAMAGED_IN_TRANSIT,APPROVED,566.63,2025-06-17 17:42:00
RET000252,ORD0002324,PROD00074,2,LATE_DELIVERY,APPROVED,192.68,2025-11-05 18:01:00
RET000253,ORD0001199,PROD00218,2,LATE_DELIVERY,APPROVED,46.43,2025-10-27 19:46:00
RET000254,ORD0002179,PROD00210,2,WRONG_ITEM,APPROVED,864.67,2025-08-31 00:24:00
RET000255,ORD0003613,PROD00498,1,WRONG_ITEM,PENDING,262.39,2025-11-25 21:45:00
RET000256,ORD0000491,PROD00327,3,CHANGE_OF_MIND,REJECTED,483.17,2025-07-13 15:11:00
RET000257,ORD0000546,PROD00427,2,LATE_DELIVERY,APPROVED,410.23,2025-09-04 02:24:00
RET000258,ORD0000303,PROD00210,1,DAMAGED_IN_TRANSIT,APPROVED,879.37,2025-12-16 04:16:00
RET000259,ORD0000135,PROD00083,3,SIZE_ISSUE,REJECTED,418.19,2025-09-18 06:28:00
RET000260,ORD0002872,PROD00163,2,FAULTY,APPROVED,530.34,2025-09-04 08:52:00
RET000261,ORD0003571,PROD00359,3,LATE_DELIVERY,APPROVED,819.54,2025-12-08 21:52:00
RET000262,ORD0003709,PROD00014,3,DAMAGED_IN_TRANSIT,PENDING,462.24,2025-09-07 08:31:00
RET000263,ORD0001944,PROD00390,1,SIZE_ISSUE,REJECTED,404.97,2025-09-17 01:18:00
RET000264,ORD0002461,PROD00357,3,CHANGE_OF_MIND,PENDING,823.4,2025-10-29 07:17:00
RET000265,ORD0004078,PROD00274,3,LATE_DELIVERY,APPROVED,155.97,2025-10-24 09:21:00
RET000266,ORD0002534,PROD00109,2,SIZE_ISSUE,APPROVED,332.03,2025-12-30 10:20:00
RET000267,ORD0002737,PROD00319,3,FAULTY,APPROVED,174.57,2025-07-01 03:38:00
RET000268,ORD0003843,PROD00173,1,LATE_DELIVERY,APPROVED,104.27,2025-08-03 10:21:00
RET000269,ORD0000415,PROD00497,3,SIZE_ISSUE,PENDING,260.27,2025-09-02 14:36:00
RET000270,ORD0002415,PROD00147,3,FAULTY,APPROVED,334.87,2025-11-26 01:52:00
RET000271,ORD0001705,PROD00414,1,SIZE_ISSUE,APPROVED,626.23,2025-12-09 10:31:00
RET000272,ORD0004224,PROD00163,3,SIZE_ISSUE,APPROVED,203.28,2025-12-01 16:41:00
RET000273,ORD0002729,PROD00496,3,DAMAGED_IN_TRANSIT,APPROVED,5.66,2025-12-19 23:28:00
RET000274,ORD0002975,PROD00496,1,SIZE_ISSUE,PENDING,833.87,2025-08-22 21:48:00
RET000275,ORD0001375,PROD00215,3,CHANGE_OF_MIND,APPROVED,516.11,2025-10-31 20:22:00
RET000276,ORD0002356,PROD00364,2,LATE_DELIVERY,APPROVED,483.07,2025-12-14 16:32:00
RET000277,ORD0003364,PROD00124,2,CHANGE_OF_MIND,APPROVED,873.15,2025-09-25 11:32:00
RET000278,ORD0000616,PROD00463,3,CHANGE_OF_MIND,APPROVED,877.18,2025-11-12 21:32:00
RET000279,ORD0001228,PROD00395,1,FAULTY,APPROVED,114.91,2025-11-29 13:13:00
RET000280,ORD0002610,PROD00033,2,LATE_DELIVERY,APPROVED,73.04,2025-09-09 10:22:00
RET000281,ORD0001134,PROD00317,1,DAMAGED_IN_TRANSIT,APPROVED,537.44,2025-12-24 04:50:00
RET000282,ORD0004445,PROD00223,3,LATE_DELIVERY,PENDING,726.91,2025-06-19 09:19:00
RET000283,ORD0004744,PROD00114,2,LATE_DELIVERY,REJECTED,556.47,2025-09-30 04:41:00
RET000284,ORD0002951,PROD00269,1,SIZE_ISSUE,APPROVED,171.0,2025-08-20 19:46:00
RET000285,ORD0001368,PROD00038,1,CHANGE_OF_MIND,APPROVED,479.56,2025-10-28 19:32:00
RET000286,ORD0003405,PROD00260,2,DAMAGED_IN_TRANSIT,APPROVED,138.9,2025-12-23 09:49:00
RET000287,ORD0000141,PROD00320,1,SIZE_ISSUE,REJECTED,716.85,2025-12-02 12:16:00
RET000288,ORD0004012,PROD00097,2,WRONG_ITEM,APPROVED,606.65,2025-09-13 10:49:00
RET000289,ORD0002076,PROD00169,2,CHANGE_OF_MIND,APPROVED,256.45,2025-07-20 07:21:00
RET000290,ORD0000867,PROD00424,1,DAMAGED_IN_TRANSIT,APPROVED,815.33,2025-06-27 13:21:00
RET000291,ORD0003962,PROD00072,1,LATE_DELIVERY,APPROVED,646.67,2025-07-06 17:25:00
RET000292,ORD0004424,PROD00413,1,WRONG_ITEM,APPROVED,375.58,2025-09-30 10:30:00
RET000293,ORD0003235,PROD00112,3,LATE_DELIVERY,APPROVED,71.19,2025-09-19 21:44:00
RET000294,ORD0004077,PROD00492,2,SIZE_ISSUE,REJECTED,442.41,2025-09-14 23:43:00
RET000295,ORD0002669,PROD00285,3,CHANGE_OF_MIND,REJECTED,364.51,2025-07-24 01:01:00
RET000296,ORD0002498,PROD00291,3,SIZE_ISSUE,PENDING,30.57,2025-08-18 07:19:00
RET000297,ORD0001195,PROD00413,2,WRONG_ITEM,APPROVED,157.15,2025-12-20 20:50:00
RET000298,ORD0000957,PROD00124,3,LATE_DELIVERY,REJECTED,828.61,2025-11-01 22:01:00
RET000299,ORD0004688,PROD00426,3,WRONG_ITEM,APPROVED,499.4,2025-09-02 08:32:00
RET000300,ORD0004362,PROD00350,3,SIZE_ISSUE,REJECTED,784.86,2025-07-05 03:19:00
RET000301,ORD0002747,PROD00041,1,DAMAGED_IN_TRANSIT,APPROVED,691.64,2025-11-11 07:33:00
RET000302,ORD0000321,PROD00358,1,CHANGE_OF_MIND,APPROVED,221.92,2025-07-09 15:01:00
RET000303,ORD0002440,PROD00112,1,CHANGE_OF_MIND,REJECTED,254.59,2025-12-31 16:34:00
RET000304,ORD0002150,PROD00068,1,WRONG_ITEM,REJECTED,136.16,2025-09-11 05:29:00
RET000305,ORD0004406,PROD00305,2,CHANGE_OF_MIND,REJECTED,276.28,2025-08-04 08:02:00
RET000306,ORD0002296,PROD00154,1,SIZE_ISSUE,PENDING,510.62,2025-09-26 19:09:00
RET000307,ORD0002966,PROD00423,2,FAULTY,REJECTED,510.98,2025-12-13 21:29:00
RET000308,ORD0003699,PROD00239,1,WRONG_ITEM,PENDING,63.88,2025-12-24 23:47:00
RET000309,ORD0001451,PROD00462,3,FAULTY,REJECTED,573.55,2025-12-29 21:01:00
RET000310,ORD0003092,PROD00027,1,WRONG_ITEM,APPROVED,139.43,2025-09-03 09:59:00
RET000311,ORD0001292,PROD00249,3,SIZE_ISSUE,APPROVED,157.01,2025-08-14 15:53:00
RET000312,ORD0004359,PROD00080,2,WRONG_ITEM,PENDING,891.64,2025-11-22 19:14:00
RET000313,ORD0004343,PROD00020,1,FAULTY,APPROVED,136.38,2025-09-17 21:04:00
RET000314,ORD0001752,PROD00148,1,DAMAGED_IN_TRANSIT,PENDING,586.13,2025-10-24 03:17:00
RET000315,ORD0001508,PROD00343,3,CHANGE_OF_MIND,PENDING,789.71,2025-12-29 16:49:00
RET000316,ORD0001885,PROD00251,2,CHANGE_OF_MIND,REJECTED,675.89,2025-09-15 23:13:00
RET000317,ORD0001624,PROD00356,3,WRONG_ITEM,APPROVED,492.89,2025-09-05 01:00:00
RET000318,ORD0001845,PROD00366,1,DAMAGED_IN_TRANSIT,APPROVED,29.99,2025-10-08 19:04:00
RET000319,ORD0001390,PROD00140,3,CHANGE_OF_MIND,PENDING,763.82,2025-08-31 23:04:00
RET000320,ORD0000994,PROD00482,3,CHANGE_OF_MIND,APPROVED,244.02,2025-08-19 03:02:00
RET000321,ORD0002221,PROD00170,2,WRONG_ITEM,APPROVED,484.09,2025-08-15 10:43:00
RET000322,ORD0003171,PROD00435,1,FAULTY,APPROVED,829.75,2025-08-31 20:09:00
RET000323,ORD0000196,PROD00279,1,SIZE_ISSUE,APPROVED,523.73,2025-06-18 23:27:00
RET000324,ORD0002140,PROD00205,2,CHANGE_OF_MIND,APPROVED,888.27,2025-12-11 20:01:00
RET000325,ORD0004877,PROD00169,2,LATE_DELIVERY,APPROVED,196.98,2025-10-18 17:13:00
RET000326,ORD0001973,PROD00175,3,LATE_DELIVERY,APPROVED,200.13,2025-09-24 03:01:00
RET000327,ORD0002530,PROD00152,1,FAULTY,APPROVED,293.62,2025-06-26 21:02:00
RET000328,ORD0001477,PROD00334,2,LATE_DELIVERY,APPROVED,412.63,2025-07-29 20:58:00
RET000329,ORD0001314,PROD00137,3,FAULTY,APPROVED,400.43,2025-06-26 22:38:00
RET000330,ORD0002387,PROD00262,2,FAULTY,APPROVED,559.11,2025-08-12 19:15:00
RET000331,ORD0001271,PROD00408,2,CHANGE_OF_MIND,APPROVED,638.02,2025-08-26 08:25:00
RET000332,ORD0002023,PROD00224,3,CHANGE_OF_MIND,APPROVED,785.74,2025-12-11 04:31:00
RET000333,ORD0003086,PROD00403,1,CHANGE_OF_MIND,PENDING,671.3,2025-07-11 03:48:00
RET000334,ORD0003506,PROD00150,2,SIZE_ISSUE,APPROVED,648.33,2025-10-09 23:45:00
RET000335,ORD0001331,PROD00287,2,WRONG_ITEM,APPROVED,287.98,2025-12-12 09:02:00
RET000336,ORD0000674,PROD00368,1,CHANGE_OF_MIND,APPROVED,274.49,2025-10-04 09:08:00
RET000337,ORD0002185,PROD00012,1,LATE_DELIVERY,APPROVED,837.56,2025-07-24 15:43:00
RET000338,ORD0003931,PROD00320,3,LATE_DELIVERY,REJECTED,834.51,2025-10-14 19:26:00
RET000339,ORD0003753,PROD00458,2,FAULTY,REJECTED,561.81,2025-10-03 02:10:00
RET000340,ORD0003749,PROD00319,3,LATE_DELIVERY,APPROVED,628.82,2025-12-07 09:49:00
RET000341,ORD0002362,PROD00354,1,SIZE_ISSUE,APPROVED,291.32,2025-11-02 13:14:00
RET000342,ORD0000021,PROD00328,3,SIZE_ISSUE,REJECTED,849.18,2025-07-25 05:53:00
RET000343,ORD0001889,PROD00482,1,LATE_DELIVERY,PENDING,446.85,2025-10-11 21:43:00
RET000344,ORD0003166,PROD00419,3,SIZE_ISSUE,APPROVED,604.71,2025-08-19 14:54:00
RET000345,ORD0002990,PROD00406,3,CHANGE_OF_MIND,REJECTED,827.34,2025-10-20 14:59:00
RET000346,ORD0003004,PROD00449,3,FAULTY,REJECTED,231.9,2025-09-21 21:52:00
RET000347,ORD0004223,PROD00272,3,SIZE_ISSUE,APPROVED,13.3,2025-11-12 03:05:00
RET000348,ORD0000564,PROD00425,3,LATE_DELIVERY,APPROVED,529.32,2025-08-27 22:02:00
RET000349,ORD0002021,PROD00314,3,SIZE_ISSUE,APPROVED,515.18,2025-11-05 20:47:00
RET000350,ORD0000585,PROD00148,3,SIZE_ISSUE,PENDING,145.51,2025-07-10 13:08:00
RET000351,ORD0002280,PROD00263,1,CHANGE_OF_MIND,APPROVED,156.62,2025-08-19 01:32:00
RET000352,ORD0003359,PROD00232,3,FAULTY,APPROVED,375.21,2025-10-19 21:00:00
RET000353,ORD0004066,PROD00104,3,WRONG_ITEM,APPROVED,727.37,2025-11-16 04:18:00
RET000354,ORD0001023,PROD00311,1,FAULTY,APPROVED,607.54,2025-11-12 19:12:00
RET000355,ORD0001141,PROD00151,3,LATE_DELIVERY,PENDING,848.4,2025-12-02 22:25:00
RET000356,ORD0002193,PROD00036,1,WRONG_ITEM,REJECTED,859.39,2025-07-12 09:15:00
RET000357,ORD0002697,PROD00104,2,FAULTY,APPROVED,739.29,2025-11-26 23:29:00
RET000358,ORD0001343,PROD00395,3,CHANGE_OF_MIND,APPROVED,720.39,2025-10-19 02:14:00
RET000359,ORD0000837,PROD00179,1,WRONG_ITEM,APPROVED,367.01,2025-06-18 15:47:00
RET000360,ORD0000282,PROD00139,2,FAULTY,APPROVED,445.99,2025-08-11 23:24:00
RET000361,ORD0000095,PROD00178,1,WRONG_ITEM,APPROVED,339.23,2025-12-13 04:20:00
RET000362,ORD0003272,PROD00431,2,DAMAGED_IN_TRANSIT,APPROVED,775.21,2025-12-31 18:26:00
RET000363,ORD0003747,PROD00175,2,WRONG_ITEM,REJECTED,576.64,2025-12-30 14:44:00
RET000364,ORD0001132,PROD00395,3,CHANGE_OF_MIND,PENDING,493.67,2025-12-22 17:31:00
RET000365,ORD0004438,PROD00103,3,CHANGE_OF_MIND,APPROVED,622.66,2025-10-16 01:45:00
RET000366,ORD0004979,PROD00444,1,SIZE_ISSUE,APPROVED,753.55,2025-12-11 06:49:00
RET000367,ORD0004997,PROD00364,1,FAULTY,APPROVED,513.99,2025-07-06 06:33:00
RET000368,ORD0002637,PROD00183,2,DAMAGED_IN_TRANSIT,APPROVED,157.85,2025-08-24 12:42:00
RET000369,ORD0004480,PROD00105,3,SIZE_ISSUE,REJECTED,748.19,2025-12-06 11:00:00
RET000370,ORD0003695,PROD00455,1,LATE_DELIVERY,PENDING,865.64,2025-10-19 16:37:00
RET000371,ORD0001398,PROD00230,3,CHANGE_OF_MIND,APPROVED,566.51,2025-09-19 00:27:00
RET000372,ORD0003284,PROD00346,3,LATE_DELIVERY,APPROVED,488.21,2025-12-01 13:33:00
RET000373,ORD0001297,PROD00094,2,FAULTY,APPROVED,794.25,2025-07-16 10:50:00
RET000374,ORD0001792,PROD00139,2,FAULTY,APPROVED,128.8,2025-12-23 13:06:00
RET000375,ORD0002081,PROD00196,1,WRONG_ITEM,APPROVED,603.04,2025-09-02 12:32:00
RET000376,ORD0000302,PROD00033,2,SIZE_ISSUE,REJECTED,870.44,2025-11-11 16:52:00
RET000377,ORD0001298,PROD00401,3,DAMAGED_IN_TRANSIT,PENDING,451.53,2025-10-31 22:03:00
RET000378,ORD0001247,PROD00399,3,LATE_DELIVERY,REJECTED,730.62,2025-07-03 03:35:00
RET000379,ORD0003889,PROD00001,3,LATE_DELIVERY,PENDING,815.63,2025-09-26 07:23:00
RET000380,ORD0003556,PROD00155,1,FAULTY,APPROVED,253.74,2025-11-27 12:01:00
RET000381,ORD0004437,PROD00121,3,LATE_DELIVERY,PENDING,377.25,2025-11-27 09:11:00
RET000382,ORD0000199,PROD00021,2,LATE_DELIVERY,APPROVED,471.76,2025-08-04 23:30:00
RET000383,ORD0000711,PROD00400,2,DAMAGED_IN_TRANSIT,PENDING,678.6,2025-11-07 16:43:00
RET000384,ORD0000295,PROD00482,3,FAULTY,APPROVED,524.3,2025-10-06 05:18:00
RET000385,ORD0002497,PROD00032,2,CHANGE_OF_MIND,APPROVED,10.48,2025-09-30 10:26:00
RET000386,ORD0003967,PROD00423,3,LATE_DELIVERY,APPROVED,771.81,2025-10-07 15:09:00
RET000387,ORD0000324,PROD00486,2,WRONG_ITEM,APPROVED,279.26,2025-12-29 07:26:00
RET000388,ORD0001674,PROD00395,2,WRONG_ITEM,PENDING,631.44,2025-12-24 19:17:00
RET000389,ORD0002560,PROD00427,1,LATE_DELIVERY,APPROVED,219.65,2025-12-10 19:04:00
RET000390,ORD0003720,PROD00254,2,DAMAGED_IN_TRANSIT,APPROVED,884.7,2025-10-15 14:54:00
RET000391,ORD0002171,PROD00261,1,FAULTY,REJECTED,78.89,2025-07-21 15:53:00
RET000392,ORD0004685,PROD00205,1,WRONG_ITEM,APPROVED,841.68,2025-11-15 01:52:00
RET000393,ORD0000661,PROD00485,1,SIZE_ISSUE,REJECTED,37.62,2025-08-04 07:07:00
RET000394,ORD0003055,PROD00338,1,CHANGE_OF_MIND,APPROVED,674.45,2025-11-03 08:06:00
RET000395,ORD0000468,PROD00192,1,FAULTY,REJECTED,456.17,2025-08-22 10:17:00
RET000396,ORD0003268,PROD00477,1,CHANGE_OF_MIND,APPROVED,583.35,2025-09-25 22:21:00
RET000397,ORD0001360,PROD00357,1,WRONG_ITEM,APPROVED,653.88,2025-12-16 00:32:00
RET000398,ORD0002377,PROD00348,3,LATE_DELIVERY,APPROVED,744.8,2025-12-05 23:22:00
RET000399,ORD0003081,PROD00277,1,WRONG_ITEM,APPROVED,418.76,2025-09-11 21:54:00
RET000400,ORD0004269,PROD00393,2,WRONG_ITEM,PENDING,96.11,2025-12-30 02:07:00
RET000401,ORD0002708,PROD00254,3,LATE_DELIVERY,APPROVED,588.48,2025-07-10 00:10:00
RET000402,ORD0004532,PROD00484,2,WRONG_ITEM,PENDING,892.48,2025-06-26 14:39:00
RET000403,ORD0000973,PROD00125,1,LATE_DELIVERY,PENDING,719.42,2025-11-26 15:18:00
RET000404,ORD0001132,PROD00288,2,CHANGE_OF_MIND,PENDING,503.18,2025-12-16 00:02:00
RET000405,ORD0000258,PROD00494,2,WRONG_ITEM,APPROVED,490.28,2025-09-16 17:07:00
RET000406,ORD0000421,PROD00312,2,DAMAGED_IN_TRANSIT,PENDING,377.78,2025-08-14 01:53:00
RET000407,ORD0000294,PROD00017,3,WRONG_ITEM,PENDING,569.53,2025-07-13 18:02:00
RET000408,ORD0004851,PROD00359,1,DAMAGED_IN_TRANSIT,APPROVED,282.6,2025-11-01 18:12:00
RET000409,ORD0001323,PROD00492,3,DAMAGED_IN_TRANSIT,APPROVED,273.94,2025-09-23 21:08:00
RET000410,ORD0001639,PROD00453,1,LATE_DELIVERY,APPROVED,623.18,2025-11-04 07:07:00
RET000411,ORD0002146,PROD00389,3,FAULTY,REJECTED,424.24,2025-11-25 04:15:00
RET000412,ORD0000386,PROD00441,1,FAULTY,PENDING,594.8,2025-10-03 05:16:00
RET000413,ORD0003281,PROD00353,1,CHANGE_OF_MIND,PENDING,695.03,2025-10-12 23:11:00
RET000414,ORD0004704,PROD00443,2,DAMAGED_IN_TRANSIT,APPROVED,315.24,2025-09-08 09:51:00
RET000415,ORD0003876,PROD00029,2,WRONG_ITEM,REJECTED,761.65,2025-09-07 10:35:00
RET000416,ORD0000699,PROD00231,1,FAULTY,PENDING,208.61,2025-10-08 10:17:00
RET000417,ORD0004915,PROD00477,1,LATE_DELIVERY,APPROVED,162.57,2025-08-03 00:24:00
RET000418,ORD0003119,PROD00014,3,CHANGE_OF_MIND,PENDING,196.76,2025-08-03 21:57:00
RET000419,ORD0001722,PROD00134,1,WRONG_ITEM,APPROVED,254.25,2025-09-21 07:11:00
RET000420,ORD0001133,PROD00192,3,LATE_DELIVERY,APPROVED,523.85,2025-10-26 23:28:00
