store_id,store_name,format,city,state,floor_area_sqm,opened_date,status
STOR0001,Canberra Central,EXPRESS,Canberra,ACT,758.0,2023-03-05,OPEN
STOR0002,Geelong Central,EXPRESS,Geelong,VIC,5962.0,2024-02-07,REFURB
STOR0003,Geelong Outlet,STANDARD,Geelong,VIC,2124.0,2019-04-22,OPEN
STOR0004,Adelaide Outlet,DARK_STORE,Adelaide,SA,2866.0,2022-01-06,OPEN
STOR0005,Darwin Central,EXPRESS,Darwin,NT,3824.0,2024-08-16,REFURB
STOR0006,Adelaide Outlet,FLAGSHIP,Adelaide,SA,3618.0,2018-04-03,OPEN
STOR0007,Newcastle Outlet,STANDARD,Newcastle,NSW,4310.0,2018-04-29,OPEN
STOR0008,Adelaide East,STANDARD,Adelaide,SA,2546.0,2023-10-26,REFURB
STOR0009,Wollongong West,STANDARD,Wollongong,NSW,3503.0,2025-06-04,OPEN
STOR0010,Sydney East,STANDARD,Sydney,NSW,5843.0,2025-10-11,OPEN
STOR0011,Darwin North,FLAGSHIP,Darwin,NT,676.0,2022-01-24,OPEN
STOR0012,Adelaide Central,STANDARD,Adelaide,SA,4424.0,2021-06-30,OPEN
STOR0013,Hobart East,FLAGSHIP,Hobart,TAS,1351.0,2024-07-02,OPEN
STOR0014,Canberra Outlet,EXPRESS,Canberra,ACT,1650.0,2025-02-11,OPEN
STOR0015,Canberra Outlet,FLAGSHIP,Canberra,ACT,2937.0,2022-06-05,OPEN
STOR0016,Darwin South,FLAGSHIP,Darwin,NT,4222.0,2022-03-22,REFURB
STOR0017,Brisbane Outlet,STANDARD,Brisbane,QLD,830.0,2019-01-26,REFURB
STOR0018,Sydney North,EXPRESS,Sydney,NSW,1421.0,2020-08-30,REFURB
STOR0019,Adelaide West,EXPRESS,Adelaide,SA,2137.0,2024-03-07,OPEN
STOR0020,Canberra North,FLAGSHIP,Canberra,ACT,3784.0,2023-05-16,OPEN
STOR0021,Darwin East,FLAGSHIP,Darwin,NT,1080.0,2018-03-19,OPEN
STOR0022,Wollongong Central,STANDARD,Wollongong,NSW,3059.0,2021-12-12,OPEN
STOR0023,Darwin West,FLAGSHIP,Darwin,NT,4444.0,2023-06-08,OPEN
STOR0024,Wollongong South,FLAGSHIP,Wollongong,NSW,3870.0,2019-07-02,OPEN
STOR0025,Brisbane South,DARK_STORE,Brisbane,QLD,1624.0,2025-01-04,REFURB
STOR0026,Brisbane South,FLAGSHIP,Brisbane,QLD,1774.0,2024-10-27,REFURB
STOR0027,Melbourne East,FLAGSHIP,Melbourne,VIC,5545.0,2024-07-14,OPEN
STOR0028,Brisbane West,EXPRESS,Brisbane,QLD,746.0,2025-06-19,OPEN
STOR0029,Newcastle Outlet,STANDARD,Newcastle,NSW,4817.0,2021-05-24,OPEN
STOR0030,Sydney Outlet,STANDARD,Sydney,NSW,436.0,2017-10-29,REFURB
STOR0031,Newcastle Central,STANDARD,Newcastle,NSW,5049.0,2018-03-08,OPEN
STOR0032,Melbourne Outlet,DARK_STORE,Melbourne,VIC,6117.0,2025-01-07,REFURB
STOR0033,Darwin Outlet,STANDARD,Darwin,NT,4566.0,2024-08-28,REFURB
STOR0034,Darwin North,DARK_STORE,Darwin,NT,3672.0,2021-10-29,OPEN
STOR0035,Gold Coast Outlet,STANDARD,Gold Coast,QLD,6275.0,2022-02-22,OPEN
STOR0036,Hobart Outlet,FLAGSHIP,Hobart,TAS,3034.0,2021-02-24,REFURB
STOR0037,Canberra Outlet,STANDARD,Canberra,ACT,6424.0,2019-03-11,OPEN
STOR0038,Canberra East,DARK_STORE,Canberra,ACT,3210.0,2022-11-10,REFURB
STOR0039,Hobart South,EXPRESS,Hobart,TAS,4459.0,2019-04-13,OPEN
STOR0040,Perth North,STANDARD,Perth,WA,3867.0,2025-12-19,OPEN
STOR0041,Darwin West,DARK_STORE,Darwin,NT,2686.0,2021-03-25,OPEN
STOR0042,Darwin Central,DARK_STORE,Darwin,NT,2232.0,2024-10-12,OPEN
STOR0043,Perth South,STANDARD,Perth,WA,4424.0,2023-08-04,REFURB
STOR0044,Melbourne Outlet,STANDARD,Melbourne,VIC,2754.0,2025-04-08,OPEN
STOR0045,Gold Coast East,STANDARD,Gold Coast,QLD,1319.0,2021-05-03,OPEN
STOR0046,Darwin South,FLAGSHIP,Darwin,NT,4525.0,2018-07-09,OPEN
STOR0047,Melbourne South,FLAGSHIP,Melbourne,VIC,2311.0,2021-10-15,OPEN
STOR0048,Perth South,FLAGSHIP,Perth,WA,2614.0,2021-04-29,REFURB
STOR0049,Darwin South,STANDARD,Darwin,NT,2167.0,2018-12-04,OPEN
STOR0050,Brisbane East,FLAGSHIP,Brisbane,QLD,3647.0,2024-09-20,REFURB
STOR0051,Wollongong South,STANDARD,Wollongong,NSW,6354.0,2025-03-26,REFURB
STOR0052,Sydney Central,STANDARD,Sydney,NSW,5769.0,2023-02-02,OPEN
STOR0053,Melbourne West,EXPRESS,Melbourne,VIC,6079.0,2024-05-06,REFURB
STOR0054,Melbourne East,EXPRESS,Melbourne,VIC,5802.0,2018-09-28,OPEN
STOR0055,Brisbane West,EXPRESS,Brisbane,QLD,4532.0,2019-06-19,OPEN
STOR0056,Gold Coast South,EXPRESS,Gold Coast,QLD,4740.0,2018-09-20,REFURB
STOR0057,Melbourne West,DARK_STORE,Melbourne,VIC,6449.0,2021-11-18,OPEN
STOR0058,Geelong Central,DARK_STORE,Geelong,VIC,2343.0,2019-08-29,OPEN
STOR0059,Wollongong South,EXPRESS,Wollongong,NSW,3138.0,2022-08-23,OPEN
STOR0060,Wollongong Outlet,DARK_STORE,Wollongong,NSW,4422.0,2021-07-09,OPEN
